HIP,HD,Teff,ep_teff,em_teff,logg,ep_logg,em_logg,[Fe/H],ep_[Fe/H],em_[Fe/H],Notes
HIP3208,3819.0,4652.0,111.0,92.0,2.643,0.185,0.185,0.071,0.12,0.15,EPIC
HIP3319,,6062.0,182.0,182.0,3.873,0.145,0.145,0.002,0.15,0.18,EPIC
HIP3350,4007.0,6173.0,183.0,183.0,3.787,0.085,0.085,0.028,0.1,0.14,EPIC
HIP3364,4015.0,6072.0,181.0,181.0,4.021,0.125,0.15,-0.108,0.2,0.24,EPIC
HIP3384,4044.0,6124.0,181.0,145.0,3.853,0.081,0.045,-0.094,0.12,0.33,EPIC
HIP3574,4313.0,5185.0,83.0,250.0,3.356,0.02,0.399,0.095,0.06,0.52,EPIC
HIP3591,4352.0,4792.0,116.0,116.0,2.87,0.105,0.189,-0.154,0.2,0.36,EPIC
HIP3652,4465.0,,,,,,,,,,EPIC
HIP3655,4447.0,,,,,,,,,,EPIC
HIP3658,4446.0,4823.0,115.0,115.0,2.538,0.248,0.186,-0.128,0.2,0.36,EPIC
HIP3738,4606.0,,,,,,,,,,EPIC
HIP3743,,4769.0,96.0,96.0,2.196,0.25,0.5,-0.902,0.49,0.35,EPIC
HIP3758,4629.0,4878.0,139.0,119.0,2.622,0.228,0.266,-0.127,0.2,0.48,EPIC
HIP3793,,6391.0,194.0,194.0,4.058,0.15,0.15,0.002,0.12,0.18,EPIC
HIP3968,4887.0,5371.0,156.0,187.0,2.462,0.066,0.055,-1.432,0.25,0.95,EPIC
HIP3972,4898.0,4831.0,95.0,95.0,2.825,0.108,0.234,-0.151,0.16,0.32,EPIC
HIP3992,4928.0,,,,,,,,,,EPIC
HIP4013,,5013.0,152.0,91.0,2.751,0.567,0.405,-0.635,0.35,0.35,EPIC
HIP4094,5052.0,5211.0,166.0,83.0,2.568,0.26,0.13,-1.167,0.2,0.2,EPIC
HIP4113,5075.0,6159.0,147.0,295.0,3.667,0.08,0.32,0.011,0.12,0.09,EPIC
HIP4125,5104.0,,,,,,,,,,EPIC
HIP4180,,4853.0,147.0,117.0,2.923,0.35,0.49,-0.275,0.25,0.35,EPIC
HIP4219,5180.0,5032.0,81.0,81.0,3.29,0.18,0.18,-0.472,0.35,0.25,EPIC
HIP4221,5179.0,,,,,,,,,,EPIC
HIP4231,5214.0,4621.0,92.0,92.0,2.479,0.132,0.11,0.07,0.12,0.15,EPIC
HIP4286,,6370.0,153.0,128.0,4.146,0.14,0.196,-0.08,0.15,0.27,EPIC
HIP4297,5319.0,4899.0,137.0,117.0,3.273,0.09,0.09,-0.134,0.18,0.45,EPIC
HIP4352,,4719.0,142.0,142.0,2.468,0.242,0.11,-0.092,0.18,0.27,EPIC
HIP4370,,,,,,,,,,,EPIC
HIP4503,,4842.0,146.0,146.0,2.665,0.406,0.29,-0.234,0.25,0.4,EPIC
HIP4564,,6284.0,377.0,314.0,4.071,0.16,0.192,-0.027,0.15,0.21,EPIC
HIP4570,5666.0,5585.0,55.0,89.0,2.544,0.02,0.022,-1.415,0.22,0.05,EPIC
HIP4765,5971.0,,,,,,,,,,EPIC
HIP4790,,,,,,,,,,,EPIC
HIP4804,6019.0,4922.0,178.0,79.0,3.148,0.135,0.297,-0.17,0.15,0.42,EPIC
HIP4832,6077.0,4845.0,78.0,97.0,2.668,0.162,0.27,-0.047,0.15,0.3,EPIC
HIP4859,,5877.0,141.0,176.0,3.925,0.238,0.17,-0.167,0.25,0.45,EPIC
HIP4906,6186.0,,,,,,,,,,EPIC
HIP5048,6346.0,4728.0,113.0,113.0,2.535,0.252,0.14,-0.027,0.15,0.21,EPIC
HIP5060,6375.0,4555.0,53.0,71.0,2.609,0.18,0.09,0.075,0.12,0.08,EPIC
HIP5123,6465.0,4745.0,141.0,141.0,2.469,0.242,0.132,-0.127,0.2,0.28,EPIC
HIP5133,6464.0,4637.0,111.0,74.0,2.569,0.18,0.15,-0.029,0.12,0.15,EPIC
HIP5432,6877.0,5271.0,314.0,261.0,3.6,0.15,0.125,-0.187,0.24,0.32,EPIC
HIP5474,6967.0,6654.0,199.0,199.0,4.099,0.102,0.085,-0.05,0.12,0.15,EPIC
HIP5572,,4836.0,99.0,99.0,2.576,0.418,0.228,-0.342,0.25,0.4,EPIC
HIP5593,7128.0,5478.0,99.0,165.0,3.809,0.06,0.06,-0.046,0.2,0.24,EPIC
HIP5655,7217.0,4954.0,100.0,80.0,2.402,0.045,0.126,-0.645,0.2,0.48,EPIC
HIP5818,,4296.0,85.0,51.0,0.024,0.308,0.042,-2.134,0.25,0.55,EPIC
HIP5821,7448.0,5166.0,160.0,193.0,2.441,0.27,0.045,-0.837,0.35,0.25,EPIC
HIP5920,7605.0,6960.0,137.0,137.0,3.807,0.165,0.165,-0.016,0.12,0.12,EPIC
HIP5995,,5270.0,128.0,85.0,2.466,0.196,0.07,-1.042,0.2,0.32,EPIC
HIP6112,7873.0,4551.0,130.0,156.0,2.369,0.145,0.551,-0.087,0.2,0.76,EPIC
HIP6217,8031.0,5178.0,62.0,209.0,3.796,0.02,0.116,0.141,0.06,0.14,EPIC
HIP6226,8036.0,,,,,,,,,,EPIC
HIP6298,8127.0,5872.0,94.0,236.0,4.001,0.08,0.128,0.062,0.2,0.32,EPIC
HIP6509,,6367.0,316.0,263.0,4.1,0.15,0.18,-0.015,0.12,0.18,EPIC
HIP6788,8849.0,4820.0,93.0,93.0,3.17,0.11,0.132,-0.075,0.16,0.24,EPIC
HIP6815,8875.0,,,,,,,,,,EPIC
HIP7046,9212.0,,,,,,,,,,EPIC
HIP7069,9238.0,6001.0,142.0,94.0,3.752,0.072,0.04,-0.004,0.12,0.27,EPIC
HIP16109,,6075.0,243.0,243.0,3.935,0.234,0.195,-0.056,0.16,0.28,EPIC
HIP16181,21467.0,4986.0,81.0,81.0,3.485,0.195,0.195,-0.155,0.21,0.18,EPIC
HIP16374,,6326.0,210.0,263.0,4.015,0.09,0.075,-0.048,0.15,0.15,EPIC
HIP16598,,6747.0,405.0,289.0,3.829,0.1,0.2,0.063,0.1,0.1,EPIC
HIP16613,22045.0,4836.0,95.0,76.0,3.163,0.1,0.12,-0.021,0.12,0.27,EPIC
HIP16627,,6301.0,255.0,255.0,4.024,0.21,0.252,-0.025,0.12,0.18,EPIC
HIP16659,,5125.0,191.0,159.0,3.288,0.305,0.793,-0.377,0.3,0.66,EPIC
HIP16671,,6074.0,144.0,108.0,3.903,0.08,0.16,0.003,0.08,0.08,EPIC
HIP16828,22339.0,,,,,,,,,,EPIC
HIP16950,,5505.0,166.0,133.0,3.791,0.075,0.09,-0.221,0.24,0.36,EPIC
HIP17049,22682.0,,,,,,,,,,EPIC
HIP17058,22695.0,,,,,,,,,,EPIC
HIP17065,,6865.0,342.0,285.0,4.148,0.11,0.22,0.007,0.12,0.12,EPIC
HIP17281,,6269.0,153.0,346.0,3.719,0.135,0.075,-0.002,0.16,0.08,EPIC
HIP17282,,6526.0,468.0,156.0,3.654,0.042,0.02,0.048,0.05,0.18,EPIC
HIP17340,23041.0,6359.0,244.0,195.0,3.754,0.088,0.066,0.027,0.12,0.1,EPIC
HIP17408,23183.0,4927.0,79.0,79.0,2.857,0.085,0.221,-0.256,0.2,0.36,EPIC
HIP17503,23313.0,7253.0,336.0,280.0,3.825,0.18,0.15,0.011,0.1,0.1,EPIC
HIP17557,,6458.0,266.0,266.0,3.93,0.21,0.252,0.028,0.1,0.12,EPIC
HIP17614,,6944.0,373.0,373.0,3.853,0.246,0.205,0.007,0.12,0.12,EPIC
HIP17726,23701.0,4777.0,148.0,148.0,2.506,0.234,0.13,-0.076,0.15,0.27,EPIC
HIP17740,,6752.0,402.0,287.0,3.696,0.13,0.13,0.018,0.1,0.12,EPIC
HIP17836,23865.0,6145.0,278.0,334.0,3.79,0.186,0.248,0.004,0.12,0.33,EPIC
HIP17864,,,,,,,,,,,EPIC
HIP18025,,4856.0,149.0,149.0,2.425,0.297,0.135,-0.529,0.4,0.48,EPIC
HIP18059,24154.0,4848.0,77.0,58.0,2.789,0.08,0.352,-0.006,0.08,0.28,EPIC
HIP18158,24345.0,5272.0,107.0,150.0,2.451,0.04,0.064,-0.999,0.24,0.15,EPIC
HIP18326,24571.0,,,,,,,,,,EPIC
HIP18335,24621.0,,,,,,,,,,EPIC
HIP18354,24620.0,4800.0,57.0,115.0,2.675,0.054,0.18,0.146,0.06,0.1,EPIC
HIP18405,24680.0,4926.0,78.0,59.0,2.825,0.14,0.336,-0.429,0.36,0.3,EPIC
HIP18409,24691.0,,,,,,,,,,EPIC
HIP18425,285263.0,6526.0,328.0,273.0,3.795,0.21,0.15,-0.008,0.12,0.12,EPIC
HIP18443,286365.0,6290.0,221.0,184.0,4.1,0.185,0.222,-0.097,0.15,0.3,EPIC
HIP18576,24961.0,6132.0,149.0,149.0,3.764,0.055,0.077,0.027,0.08,0.12,EPIC
HIP18730,25203.0,4886.0,77.0,77.0,2.998,0.12,0.14,-0.114,0.12,0.48,EPIC
HIP18762,25230.0,,,,,,,,,,EPIC
HIP18803,,4817.0,116.0,146.0,2.575,0.222,0.185,-0.041,0.15,0.24,EPIC
HIP18823,285305.0,6310.0,194.0,233.0,3.829,0.15,0.125,-0.022,0.1,0.1,EPIC
HIP18864,25391.0,6268.0,241.0,241.0,3.964,0.12,0.12,0.009,0.12,0.18,EPIC
HIP18995,25532.0,5560.0,512.0,55.0,2.536,0.02,2.019,-1.246,0.82,0.05,EPIC
HIP19038,25604.0,,,,,,,,,,EPIC
HIP19075,,4283.0,104.0,131.0,1.847,0.204,0.17,-0.069,0.15,0.18,EPIC
HIP19221,25959.0,6904.0,507.0,362.0,3.737,0.174,0.145,0.023,0.12,0.1,EPIC
HIP19361,26116.0,4734.0,75.0,56.0,2.869,0.138,0.115,-0.091,0.15,0.15,EPIC
HIP19388,26162.0,,,,,,,,,,EPIC
HIP19459,283433.0,6049.0,179.0,179.0,3.838,0.08,0.112,0.048,0.12,0.15,EPIC
HIP19499,285513.0,,,,,,,,,,EPIC
HIP19558,284194.0,,,,,,,,,,EPIC
HIP19634,26514.0,4881.0,77.0,58.0,2.727,0.144,0.336,-0.131,0.15,0.33,EPIC
HIP19702,284242.0,7528.0,584.0,487.0,3.664,0.208,0.13,-0.005,0.12,0.1,EPIC
HIP20181,27310.0,6693.0,502.0,358.0,3.625,0.15,0.075,0.077,0.08,0.14,EPIC
HIP20197,27372.0,4875.0,58.0,58.0,3.415,0.085,0.238,0.027,0.08,0.16,EPIC
HIP20604,283660.0,6628.0,403.0,403.0,3.726,0.24,0.06,-0.054,0.06,0.12,EPIC
HIP20782,,5954.0,178.0,178.0,3.981,0.075,0.075,-0.164,0.16,0.4,EPIC
HIP20877,28292.0,,,,,,,,,,EPIC
HIP21318,28966.0,,,,,,,,,,EPIC
HIP21347,28975.0,7155.0,2132.0,609.0,3.556,0.168,0.196,0.077,0.08,0.14,EPIC
HIP21359,29038.0,4775.0,75.0,75.0,2.922,0.234,0.195,-0.107,0.15,0.18,EPIC
HIP21399,29097.0,,,,,,,,,,EPIC
HIP21403,29103.0,6468.0,233.0,155.0,4.082,0.085,0.085,0.023,0.12,0.12,EPIC
HIP21408,29104.0,5863.0,307.0,307.0,3.222,0.126,0.693,0.135,0.08,1.24,EPIC
HIP21551,284572.0,6830.0,1816.0,648.0,3.69,0.095,0.152,0.0,0.1,0.1,EPIC
HIP21759,283813.0,6663.0,66.0,480.0,3.763,0.165,0.06,0.163,0.1,0.18,EPIC
HIP21813,29647.0,,,,,,,,,,EPIC
HIP21942,29869.0,5133.0,120.0,120.0,2.451,0.052,0.02,-0.82,0.12,0.36,EPIC
HIP22187,30191.0,4880.0,101.0,122.0,2.624,0.14,0.196,-0.042,0.12,0.18,EPIC
HIP22273,30390.0,,,,,,,,,,EPIC
HIP22357,284827.0,6585.0,272.0,272.0,3.695,0.144,0.144,-0.017,0.1,0.06,EPIC
HIP22382,30467.0,6253.0,239.0,199.0,3.933,0.078,0.065,0.026,0.08,0.16,EPIC
HIP22486,30632.0,,,,,,,,,,EPIC
HIP22556,286115.0,6147.0,216.0,180.0,4.015,0.24,0.2,-0.079,0.12,0.21,EPIC
HIP22568,30808.0,,,,,,,,,,EPIC
HIP22584,283929.0,7925.0,1025.0,854.0,4.053,0.126,0.231,0.031,0.12,0.1,EPIC
HIP22676,30946.0,6983.0,250.0,167.0,4.205,0.08,0.096,-0.057,0.08,0.1,EPIC
HIP22711,30944.0,6434.0,556.0,309.0,3.929,0.125,0.15,0.001,0.15,0.15,EPIC
HIP22729,31018.0,,,,,,,,,,EPIC
HIP22855,284884.0,6509.0,160.0,360.0,3.72,0.186,0.02,0.143,0.12,0.08,EPIC
HIP22967,286174.0,6547.0,234.0,195.0,4.053,0.13,0.182,0.017,0.12,0.12,EPIC
HIP23049,31566.0,6350.0,385.0,540.0,3.72,0.096,0.168,-0.039,0.12,0.3,EPIC
HIP23167,285019.0,6254.0,320.0,320.0,3.81,0.155,0.186,0.088,0.08,0.12,EPIC
HIP23361,32128.0,4815.0,76.0,57.0,2.635,0.133,0.095,0.1,0.12,0.12,EPIC
HIP23496,32346.0,6982.0,1296.0,462.0,3.73,0.186,0.155,0.014,0.12,0.12,EPIC
HIP24480,34031.0,6210.0,501.0,358.0,4.045,0.105,0.147,0.003,0.15,0.18,EPIC
HIP24535,34133.0,7302.0,239.0,658.0,3.579,0.132,0.02,0.058,0.15,0.15,EPIC
HIP24615,242223.0,6122.0,216.0,180.0,3.942,0.115,0.115,-0.059,0.15,0.21,EPIC
HIP24820,34579.0,4930.0,115.0,115.0,2.902,0.22,0.264,-0.241,0.15,0.3,EPIC
HIP25134,35062.0,,,,,,,,,,EPIC
HIP28734,41116.0,,,,,,,,,,EPIC
HIP28806,,,,,,,,,,,EPIC
HIP28843,41318.0,,,,,,,,,,EPIC
HIP29073,41788.0,,,,,,,,,,EPIC
HIP29628,42906.0,,,,,,,,,,EPIC
HIP29680,253870.0,,,,,,,,,,EPIC
HIP29826,43334.0,,,,,,,,,,EPIC
HIP29955,43624.0,,,,,,,,,,EPIC
HIP30102,43965.0,,,,,,,,,,EPIC
HIP30178,44108.0,,,,,,,,,,EPIC
HIP30218,44234.0,,,,,,,,,,EPIC
HIP30234,44211.0,,,,,,,,,,EPIC
HIP30289,255819.0,,,,,,,,,,EPIC
HIP30517,44867.0,,,,,,,,,,EPIC
HIP30588,44974.0,,,,,,,,,,EPIC
HIP30612,45065.0,,,,,,,,,,EPIC
HIP30687,45210.0,,,,,,,,,,EPIC
HIP30734,257415.0,,,,,,,,,,EPIC
HIP30774,45376.0,,,,,,,,,,EPIC
HIP30815,45506.0,,,,,,,,,,EPIC
HIP30880,45504.0,,,,,,,,,,EPIC
HIP30934,,,,,,,,,,,EPIC
HIP31144,46087.0,,,,,,,,,,EPIC
HIP31177,259160.0,,,,,,,,,,EPIC
HIP31258,46281.0,,,,,,,,,,EPIC
HIP31310,46336.0,,,,,,,,,,EPIC
HIP31353,46467.0,,,,,,,,,,EPIC
HIP31963,261669.0,,,,,,,,,,EPIC
HIP32225,48230.0,,,,,,,,,,EPIC
HIP32279,262665.0,,,,,,,,,,EPIC
HIP32306,262819.0,,,,,,,,,,EPIC
HIP32523,48994.0,,,,,,,,,,EPIC
HIP32559,263747.0,,,,,,,,,,EPIC
HIP32587,263885.0,,,,,,,,,,EPIC
HIP32614,49201.0,,,,,,,,,,EPIC
HIP33011,50106.0,,,,,,,,,,EPIC
HIP33286,266225.0,,,,,,,,,,EPIC
HIP33356,266413.0,,,,,,,,,,EPIC
HIP33397,51049.0,,,,,,,,,,EPIC
HIP33647,51749.0,,,,,,,,,,EPIC
HIP40184,,,,,,,,,,,EPIC
HIP40187,68331.0,4691.0,92.0,92.0,2.486,0.23,0.115,-0.072,0.15,0.21,EPIC
HIP40232,68462.0,,,,,,,,,,EPIC
HIP40458,69031.0,,,,,,,,,,EPIC
HIP40471,69030.0,4801.0,95.0,95.0,2.695,0.16,0.256,-0.02,0.15,0.24,EPIC
HIP40483,69072.0,4776.0,76.0,57.0,2.651,0.145,0.174,0.016,0.12,0.18,EPIC
HIP40675,69629.0,,,,,,,,,,EPIC
HIP40719,69718.0,6512.0,197.0,158.0,4.144,0.08,0.08,0.016,0.1,0.16,EPIC
HIP40904,70133.0,,,,,,,,,,EPIC
HIP41232,70826.0,5416.0,167.0,200.0,2.502,0.042,0.049,-1.129,0.36,0.24,EPIC
HIP41247,70899.0,,,,,,,,,,EPIC
HIP41311,70989.0,,,,,,,,,,EPIC
HIP41421,71261.0,,,,,,,,,,EPIC
HIP41470,,4643.0,111.0,111.0,2.451,0.175,0.125,-0.002,0.15,0.18,EPIC
HIP41513,,6538.0,200.0,200.0,4.297,0.035,0.049,-0.061,0.12,0.15,EPIC
HIP41524,71428.0,4885.0,59.0,99.0,2.765,0.095,0.342,-0.112,0.12,0.3,EPIC
HIP41560,,6216.0,186.0,149.0,4.038,0.215,0.215,-0.097,0.15,0.27,EPIC
HIP41613,,6247.0,290.0,242.0,3.852,0.198,0.165,-0.003,0.12,0.15,EPIC
HIP41635,71750.0,,,,,,,,,,EPIC
HIP41663,,6546.0,158.0,158.0,4.13,0.156,0.208,-0.044,0.12,0.15,EPIC
HIP41710,71847.0,5098.0,156.0,156.0,3.171,0.315,0.567,-0.427,0.35,0.63,EPIC
HIP41900,72306.0,4898.0,79.0,79.0,2.783,0.09,0.162,-0.039,0.15,0.15,EPIC
HIP41951,72429.0,6263.0,221.0,184.0,3.724,0.04,0.072,0.041,0.08,0.1,EPIC
HIP41997,72490.0,4975.0,120.0,120.0,3.005,0.224,0.14,-0.526,0.4,0.4,EPIC
HIP42209,,4425.0,52.0,69.0,2.472,0.133,0.114,0.237,0.05,0.08,EPIC
HIP42298,73142.0,6167.0,217.0,145.0,3.887,0.088,0.055,0.016,0.12,0.15,EPIC
HIP42303,,5154.0,103.0,103.0,2.631,0.765,0.255,-0.85,0.25,0.3,EPIC
HIP42355,73315.0,,,,,,,,,,EPIC
HIP42375,73349.0,,,,,,,,,,EPIC
HIP42630,73923.0,,,,,,,,,,EPIC
HIP42632,,4839.0,149.0,119.0,2.566,0.264,0.198,-0.14,0.16,0.4,EPIC
HIP42704,74092.0,,,,,,,,,,EPIC
HIP42797,74227.0,4701.0,94.0,94.0,2.627,0.144,0.192,0.108,0.08,0.14,EPIC
HIP42816,,4854.0,77.0,77.0,2.776,0.125,0.225,-0.025,0.12,0.21,EPIC
HIP42840,,4864.0,78.0,78.0,2.733,0.105,0.294,-0.057,0.12,0.27,EPIC
HIP42848,74328.0,5927.0,173.0,173.0,4.034,0.065,0.091,-0.154,0.25,0.35,EPIC
HIP42890,,4779.0,146.0,146.0,2.477,0.253,0.138,-0.153,0.2,0.36,EPIC
HIP42911,74442.0,,,,,,,,,,EPIC
HIP42927,74465.0,,,,,,,,,,EPIC
HIP42943,74567.0,,,,,,,,,,EPIC
HIP42950,74590.0,6531.0,264.0,264.0,3.933,0.07,0.07,0.026,0.12,0.12,EPIC
HIP43053,,4832.0,97.0,97.0,2.87,0.51,0.425,-0.062,0.15,0.21,EPIC
HIP43275,,4731.0,94.0,94.0,2.254,0.264,0.616,-0.737,0.48,0.48,EPIC
HIP43387,,4652.0,111.0,93.0,2.469,0.133,0.095,0.022,0.12,0.18,EPIC
HIP43448,,4851.0,96.0,96.0,2.708,0.15,0.3,-0.067,0.15,0.3,EPIC
HIP43454,75528.0,5936.0,229.0,229.0,4.317,0.14,0.252,-0.068,0.15,0.24,EPIC
HIP43463,75558.0,4811.0,96.0,96.0,2.664,0.13,0.234,-0.024,0.15,0.24,EPIC
HIP43502,,4929.0,59.0,79.0,2.779,0.15,0.35,-0.11,0.1,0.3,EPIC
HIP43538,,,,,,,,,,,EPIC
HIP43540,75699.0,,,,,,,,,,EPIC
HIP43547,,4790.0,47.0,67.0,2.805,0.324,0.18,0.148,0.08,0.08,EPIC
HIP43569,75784.0,4905.0,78.0,58.0,3.433,0.144,0.144,0.009,0.06,0.22,EPIC
HIP43613,75842.0,4741.0,75.0,75.0,2.679,0.126,0.147,0.118,0.08,0.12,EPIC
HIP43614,,4345.0,70.0,70.0,1.81,0.315,0.567,-0.315,0.25,0.6,EPIC
HIP43682,75961.0,4761.0,97.0,97.0,2.548,0.3,0.18,-0.14,0.2,0.28,EPIC
HIP43683,75974.0,5334.0,106.0,64.0,2.471,0.67,0.05,-1.004,0.99,0.15,EPIC
HIP43915,76445.0,4978.0,119.0,119.0,3.377,0.174,0.174,-0.228,0.25,0.25,EPIC
HIP43950,76475.0,4978.0,60.0,101.0,2.512,0.391,0.138,-0.534,0.36,0.3,EPIC
HIP43957,76508.0,,,,,,,,,,EPIC
HIP44000,76573.0,4851.0,97.0,97.0,2.622,0.17,0.238,-0.067,0.15,0.36,EPIC
HIP44102,76831.0,,,,,,,,,,EPIC
HIP44125,,,,,,,,,,,EPIC
HIP44141,76867.0,,,,,,,,,,EPIC
HIP44408,77377.0,,,,,,,,,,EPIC
HIP44489,77571.0,4848.0,96.0,96.0,2.697,0.175,0.28,-0.091,0.15,0.36,EPIC
HIP44501,,4582.0,72.0,72.0,2.472,0.245,0.175,0.002,0.15,0.24,EPIC
HIP44529,77661.0,6104.0,179.0,179.0,3.886,0.144,0.12,-0.024,0.15,0.18,EPIC
HIP44581,77776.0,4817.0,144.0,115.0,2.654,0.1,0.24,-0.024,0.15,0.21,EPIC
HIP44749,78142.0,,,,,,,,,,EPIC
HIP44792,78236.0,,,,,,,,,,EPIC
HIP44843,78376.0,4935.0,100.0,80.0,3.291,0.168,0.168,-0.226,0.25,0.3,EPIC
HIP44862,78420.0,4755.0,95.0,76.0,2.693,0.245,0.294,-0.14,0.16,0.2,EPIC
HIP44870,78419.0,4852.0,144.0,115.0,2.656,0.13,0.208,-0.041,0.15,0.21,EPIC
HIP45033,78715.0,4990.0,79.0,59.0,2.944,0.426,0.355,-0.711,0.35,0.25,EPIC
HIP45327,79374.0,6345.0,188.0,188.0,3.787,0.07,0.112,0.008,0.1,0.1,EPIC
HIP45777,80410.0,,,,,,,,,,EPIC
HIP45826,80495.0,4959.0,58.0,78.0,2.428,0.432,0.048,-0.479,0.32,0.2,EPIC
HIP50353,89112.0,4828.0,118.0,99.0,2.824,0.3,0.42,-0.152,0.2,0.36,EPIC
HIP50501,89365.0,,,,,,,,,,EPIC
HIP50543,,4649.0,95.0,95.0,2.572,0.442,0.204,0.09,0.12,0.15,EPIC
HIP50611,89559.0,,,,,,,,,,EPIC
HIP50628,,5646.0,269.0,224.0,3.777,0.155,0.527,-0.312,0.3,0.78,EPIC
HIP50634,89603.0,,,,,,,,,,EPIC
HIP50639,,4925.0,184.0,123.0,2.436,0.558,0.09,-0.62,0.35,0.42,EPIC
HIP50851,89962.0,4747.0,56.0,47.0,3.23,0.138,0.02,0.273,0.06,0.26,EPIC
HIP50939,90125.0,4825.0,77.0,58.0,3.115,0.299,0.138,-0.117,0.12,0.15,EPIC
HIP50958,90155.0,4730.0,57.0,57.0,2.59,0.15,0.18,-0.017,0.15,0.12,EPIC
HIP51034,90305.0,,,,,,,,,,EPIC
HIP51204,90572.0,4777.0,95.0,76.0,2.723,0.15,0.25,-0.122,0.16,0.32,EPIC
HIP51344,,4916.0,249.0,155.0,2.464,0.608,0.096,-0.483,0.4,0.48,EPIC
HIP51351,,4717.0,139.0,111.0,2.464,0.242,0.132,-0.133,0.2,0.32,EPIC
HIP51436,90983.0,,,,,,,,,,EPIC
HIP51451,91011.0,4889.0,58.0,78.0,2.79,0.1,0.38,-0.101,0.1,0.3,EPIC
HIP51520,91117.0,,,,,,,,,,EPIC
HIP51775,91612.0,,,,,,,,,,EPIC
HIP52060,92128.0,4719.0,112.0,112.0,2.5,0.23,0.115,-0.061,0.16,0.24,EPIC
HIP52122,92212.0,6153.0,182.0,182.0,3.871,0.15,0.125,0.033,0.12,0.12,EPIC
HIP52238,92413.0,4853.0,149.0,119.0,2.47,0.32,0.1,-0.238,0.25,0.4,EPIC
HIP52360,92670.0,5152.0,158.0,126.0,3.705,0.095,0.133,-0.187,0.25,0.3,EPIC
HIP52371,92685.0,,,,,,,,,,EPIC
HIP52377,92706.0,4769.0,94.0,94.0,2.552,0.192,0.16,-0.025,0.15,0.24,EPIC
HIP52519,,6122.0,219.0,182.0,3.967,0.144,0.12,-0.03,0.15,0.21,EPIC
HIP52528,92994.0,4553.0,90.0,72.0,2.462,0.252,0.105,0.088,0.12,0.15,EPIC
HIP52591,93101.0,4553.0,54.0,54.0,2.634,0.12,0.192,0.172,0.15,0.15,EPIC
HIP52598,93139.0,5220.0,156.0,156.0,3.775,0.055,0.099,-0.133,0.28,0.16,EPIC
HIP52616,93169.0,4862.0,97.0,97.0,2.833,0.07,0.21,-0.038,0.12,0.18,EPIC
HIP52619,,,,,,,,,,,EPIC
HIP52660,93244.0,4663.0,74.0,46.0,2.918,0.108,0.108,-0.003,0.15,0.09,EPIC
HIP52744,93363.0,4742.0,114.0,114.0,2.594,0.252,0.216,-0.031,0.16,0.24,EPIC
HIP52838,93567.0,,,,,,,,,,EPIC
HIP53014,93928.0,4839.0,77.0,57.0,2.771,0.078,0.091,0.077,0.1,0.1,EPIC
HIP53021,93967.0,6525.0,275.0,196.0,3.623,0.096,0.06,0.017,0.1,0.08,EPIC
HIP53056,94030.0,4704.0,112.0,112.0,2.474,0.168,0.105,-0.042,0.15,0.18,EPIC
HIP53135,94164.0,4967.0,184.0,153.0,3.018,0.44,0.528,-0.216,0.25,0.5,EPIC
HIP53185,,4417.0,71.0,107.0,2.256,0.18,0.468,0.157,0.1,1.98,EPIC
HIP53200,94251.0,5726.0,452.0,452.0,3.743,0.085,0.153,-0.026,0.15,0.15,EPIC
HIP53233,94318.0,4868.0,117.0,78.0,2.94,0.132,0.11,-0.144,0.16,0.48,EPIC
HIP53315,94460.0,5090.0,92.0,216.0,2.79,0.328,0.048,-1.109,1.11,0.15,EPIC
HIP53430,,6005.0,97.0,97.0,3.977,0.198,0.165,-0.021,0.15,0.21,EPIC
HIP53431,,4901.0,181.0,121.0,2.919,0.51,0.51,-0.222,0.25,0.4,EPIC
HIP53679,,4792.0,94.0,94.0,2.417,0.261,0.145,-0.288,0.25,0.4,EPIC
HIP53872,,5977.0,141.0,141.0,4.009,0.304,0.19,-0.125,0.2,0.32,EPIC
HIP54117,,,,,,,,,,,EPIC
HIP54262,,5270.0,106.0,106.0,3.654,0.125,1.15,-0.162,0.24,0.64,EPIC
HIP54281,96310.0,5885.0,176.0,140.0,3.78,0.09,0.108,-0.017,0.12,0.18,EPIC
HIP54305,96362.0,,,,,,,,,,EPIC
HIP54336,96436.0,4940.0,49.0,49.0,3.436,0.189,0.162,-0.064,0.1,0.14,EPIC
HIP54451,96710.0,4713.0,141.0,113.0,2.483,0.22,0.12,-0.061,0.16,0.2,EPIC
HIP54464,96742.0,,,,,,,,,,EPIC
HIP54502,,,,,,,,,,,EPIC
HIP54565,96956.0,,,,,,,,,,EPIC
HIP54656,97197.0,4654.0,74.0,56.0,2.814,0.128,0.192,-0.034,0.12,0.18,EPIC
HIP54788,97459.0,,,,,,,,,,EPIC
HIP54802,97491.0,4851.0,95.0,95.0,3.058,0.1,0.14,-0.22,0.25,0.3,EPIC
HIP54904,97698.0,,,,,,,,,,EPIC
HIP54910,97716.0,4719.0,76.0,76.0,2.562,0.155,0.155,0.003,0.15,0.12,EPIC
HIP54961,97815.0,4545.0,71.0,53.0,2.43,0.169,0.078,0.104,0.12,0.12,EPIC
HIP54994,97892.0,,,,,,,,,,EPIC
HIP55158,98156.0,,,,,,,,,,EPIC
HIP55211,,6084.0,242.0,194.0,4.005,0.228,0.19,-0.027,0.15,0.21,EPIC
HIP55288,98427.0,6495.0,309.0,258.0,4.25,0.05,0.09,-0.002,0.15,0.15,EPIC
HIP55408,98603.0,,,,,,,,,,EPIC
HIP55609,99005.0,4641.0,109.0,109.0,2.581,0.273,0.195,0.009,0.16,0.2,EPIC
HIP55699,99166.0,,,,,,,,,,EPIC
HIP55703,99179.0,,,,,,,,,,EPIC
HIP55852,,5118.0,124.0,124.0,2.483,1.02,0.102,-0.787,0.3,0.3,EPIC
HIP55907,99596.0,4877.0,57.0,96.0,2.812,0.09,0.378,-0.111,0.12,0.54,EPIC
HIP56029,99798.0,,,,,,,,,,EPIC
HIP56073,99905.0,,,,,,,,,,EPIC
HIP56482,100629.0,,,,,,,,,,EPIC
HIP56574,100776.0,,,,,,,,,,EPIC
HIP56647,100920.0,,,,,,,,,,EPIC
HIP56668,100948.0,,,,,,,,,,EPIC
HIP56747,101092.0,,,,,,,,,,EPIC
HIP56812,,,,,,,,,,,EPIC
HIP56848,101281.0,4911.0,59.0,59.0,3.005,0.21,0.147,-0.476,0.28,0.2,EPIC
HIP57317,102106.0,4697.0,111.0,111.0,2.474,0.242,0.11,-0.071,0.16,0.24,EPIC
HIP57467,102329.0,4763.0,113.0,84.0,2.814,0.14,0.252,-0.096,0.2,0.36,EPIC
HIP57530,,,,,,,,,,,EPIC
HIP57536,102444.0,5052.0,443.0,100.0,3.488,0.145,0.145,-0.197,0.25,0.4,EPIC
HIP57676,102732.0,6083.0,195.0,244.0,3.982,0.096,0.08,-0.067,0.12,0.21,EPIC
HIP57769,102898.0,,,,,,,,,,EPIC
HIP57782,,4784.0,97.0,97.0,2.527,0.62,0.186,-0.26,0.2,0.28,EPIC
HIP57902,103129.0,5156.0,154.0,154.0,2.474,0.806,0.065,-0.837,0.36,0.3,EPIC
HIP57983,,4845.0,220.0,157.0,2.437,0.4,0.096,-0.401,0.35,0.49,EPIC
HIP58021,103341.0,,,,,,,,,,EPIC
HIP58096,103476.0,,,,,,,,,,EPIC
HIP58191,103631.0,6549.0,397.0,331.0,4.105,0.1,0.14,0.003,0.12,0.12,EPIC
HIP58403,103987.0,,,,,,,,,,EPIC
HIP58609,104368.0,5056.0,288.0,128.0,3.256,0.18,0.15,-0.335,0.3,0.72,EPIC
HIP58677,104486.0,4756.0,144.0,115.0,2.439,0.252,0.07,-0.176,0.25,0.3,EPIC
HIP58769,104677.0,4703.0,111.0,111.0,2.791,0.08,0.128,-0.064,0.2,0.2,EPIC
HIP58800,104727.0,6085.0,182.0,274.0,3.801,0.075,0.075,0.017,0.12,0.15,EPIC
HIP58829,104786.0,,,,,,,,,,EPIC
HIP58895,104884.0,4929.0,210.0,90.0,2.777,0.085,0.357,-0.098,0.15,0.66,EPIC
HIP59082,105221.0,4747.0,115.0,115.0,2.406,0.21,0.252,-0.218,0.25,0.55,EPIC
HIP59102,105264.0,4395.0,53.0,43.0,2.087,0.15,0.06,0.109,0.08,0.06,EPIC
HIP59182,105409.0,4701.0,112.0,94.0,2.501,0.125,0.125,0.047,0.12,0.15,EPIC
HIP59359,105796.0,4774.0,146.0,146.0,2.477,0.252,0.126,-0.096,0.16,0.32,EPIC
HIP59367,105811.0,4885.0,99.0,99.0,2.766,0.085,0.323,-0.047,0.15,0.42,EPIC
HIP59600,106225.0,4887.0,58.0,78.0,2.983,0.112,0.07,-0.39,0.16,0.24,EPIC
HIP59625,106270.0,6090.0,288.0,288.0,3.827,0.084,0.06,0.023,0.12,0.15,EPIC
HIP59641,106316.0,4691.0,112.0,112.0,2.456,0.144,0.08,-0.067,0.2,0.2,EPIC
HIP59732,106498.0,4743.0,145.0,145.0,2.473,0.216,0.135,-0.051,0.16,0.24,EPIC
HIP59808,106622.0,4827.0,77.0,77.0,2.848,0.105,0.168,-0.107,0.18,0.36,EPIC
HIP59848,106719.0,4706.0,76.0,76.0,2.498,0.126,0.189,-0.011,0.2,0.24,EPIC
HIP59872,106775.0,,,,,,,,,,EPIC
HIP59890,106817.0,4741.0,76.0,76.0,2.528,0.145,0.145,-0.045,0.16,0.16,EPIC
HIP60021,107036.0,4877.0,116.0,116.0,2.804,0.084,0.364,-0.041,0.12,0.48,EPIC
HIP60190,,4612.0,55.0,55.0,2.435,0.112,0.08,-0.007,0.1,0.12,EPIC
HIP60248,107474.0,,,,,,,,,,EPIC
HIP60264,107498.0,5540.0,219.0,219.0,3.829,0.05,0.07,-0.223,0.2,0.36,EPIC
HIP60280,107534.0,,,,,,,,,,EPIC
HIP60418,107794.0,,,,,,,,,,EPIC
HIP60451,107857.0,5071.0,61.0,61.0,2.954,0.084,0.07,-0.958,0.12,0.18,EPIC
HIP60492,,6318.0,306.0,306.0,4.097,0.145,0.174,-0.003,0.12,0.21,EPIC
HIP60518,107955.0,4554.0,89.0,53.0,2.617,0.15,0.09,0.107,0.1,0.16,EPIC
HIP60641,108189.0,4942.0,59.0,79.0,3.295,0.09,0.075,0.056,0.1,0.18,EPIC
HIP60757,108385.0,4571.0,135.0,108.0,2.286,0.15,0.24,-0.085,0.16,0.48,EPIC
HIP61030,108850.0,4655.0,74.0,74.0,2.424,0.11,0.132,-0.082,0.15,0.18,EPIC
HIP61042,108879.0,4599.0,92.0,73.0,2.457,0.126,0.105,0.08,0.12,0.12,EPIC
HIP61096,108978.0,,,,,,,,,,EPIC
HIP61252,109218.0,4812.0,58.0,77.0,3.476,0.035,0.077,0.188,0.38,0.08,EPIC
HIP61349,109376.0,,,,,,,,,,EPIC
HIP61439,109523.0,6133.0,181.0,144.0,3.788,0.065,0.065,0.032,0.1,0.12,EPIC
HIP61491,109597.0,4468.0,72.0,90.0,2.354,0.105,0.189,0.097,0.15,0.21,EPIC
HIP61581,109757.0,4670.0,94.0,94.0,2.431,0.165,0.165,-0.112,0.15,0.27,EPIC
HIP62100,110644.0,6456.0,309.0,257.0,3.749,0.066,0.066,0.053,0.08,0.1,EPIC
HIP62103,110646.0,,,,,,,,,,EPIC
HIP62371,111096.0,6112.0,219.0,183.0,3.964,0.06,0.07,-0.007,0.12,0.18,EPIC
HIP62632,111528.0,6060.0,239.0,239.0,3.974,0.065,0.091,-0.029,0.18,0.21,EPIC
HIP62851,111944.0,4751.0,74.0,93.0,2.76,0.245,0.294,0.094,0.12,0.15,EPIC
HIP63938,113798.0,,,,,,,,,,EPIC
HIP63958,113816.0,,,,,,,,,,EPIC
HIP64335,114523.0,,,,,,,,,,EPIC
HIP64340,114544.0,,,,,,,,,,EPIC
HIP64346,114545.0,,,,,,,,,,EPIC
HIP64404,114661.0,5617.0,233.0,133.0,3.578,0.138,0.115,0.025,0.12,0.15,EPIC
HIP64467,114784.0,,,,,,,,,,EPIC
HIP64643,115079.0,4645.0,135.0,135.0,2.481,0.19,0.114,-0.026,0.16,0.24,EPIC
HIP64750,115277.0,4770.0,115.0,115.0,2.478,0.207,0.115,-0.069,0.15,0.3,EPIC
HIP64808,115368.0,4794.0,77.0,96.0,2.641,0.174,0.232,-0.011,0.15,0.27,EPIC
HIP64878,115541.0,5194.0,124.0,155.0,2.466,0.774,0.054,-0.832,0.6,0.3,EPIC
HIP64932,115631.0,,,,,,,,,,EPIC
HIP64968,115724.0,,,,,,,,,,EPIC
HIP65030,115812.0,,,,,,,,,,EPIC
HIP65074,115903.0,,,,,,,,,,EPIC
HIP65093,115945.0,4668.0,110.0,138.0,2.66,0.18,0.15,-0.072,0.16,0.32,EPIC
HIP65107,115944.0,4694.0,144.0,144.0,2.44,0.275,0.15,-0.11,0.2,0.36,EPIC
HIP65163,116045.0,,,,,,,,,,EPIC
HIP65261,116258.0,,,,,,,,,,EPIC
HIP65360,116444.0,,,,,,,,,,EPIC
HIP65399,116532.0,,,,,,,,,,EPIC
HIP65412,,4797.0,148.0,148.0,2.564,0.576,0.216,-0.196,0.25,0.35,EPIC
HIP65532,116768.0,4696.0,76.0,134.0,2.573,0.224,0.16,0.012,0.15,0.12,EPIC
HIP65552,116818.0,,,,,,,,,,EPIC
HIP65656,117031.0,4586.0,111.0,92.0,2.456,0.171,0.114,0.071,0.12,0.15,EPIC
HIP65772,117231.0,4846.0,115.0,115.0,2.633,0.19,0.266,-0.05,0.16,0.36,EPIC
HIP65920,117515.0,,,,,,,,,,EPIC
HIP65927,117516.0,,,,,,,,,,EPIC
HIP65934,117529.0,,,,,,,,,,EPIC
HIP65943,117557.0,,,,,,,,,,EPIC
HIP65991,117637.0,4705.0,141.0,141.0,2.479,0.252,0.108,-0.053,0.15,0.24,EPIC
HIP66000,117636.0,4711.0,143.0,114.0,2.499,0.22,0.11,-0.022,0.16,0.28,EPIC
HIP66039,117732.0,,,,,,,,,,EPIC
HIP66078,117780.0,6235.0,183.0,183.0,3.836,0.192,0.16,0.022,0.12,0.15,EPIC
HIP66097,117832.0,,,,,,,,,,EPIC
HIP66098,117818.0,,,,,,,,,,EPIC
HIP66137,117905.0,,,,,,,,,,EPIC
HIP66226,118037.0,,,,,,,,,,EPIC
HIP66231,118009.0,5857.0,171.0,171.0,3.995,0.12,0.14,0.101,0.15,0.18,EPIC
HIP66265,118101.0,,,,,,,,,,EPIC
HIP66280,118129.0,,,,,,,,,,EPIC
HIP66311,118207.0,6519.0,154.0,231.0,4.09,0.11,0.11,-0.017,0.15,0.24,EPIC
HIP66320,118219.0,,,,,,,,,,EPIC
HIP66343,118249.0,,,,,,,,,,EPIC
HIP66465,118511.0,4839.0,149.0,149.0,2.568,0.216,0.18,-0.067,0.15,0.36,EPIC
HIP66600,118777.0,4759.0,113.0,113.0,2.521,0.232,0.145,-0.055,0.15,0.27,EPIC
HIP66617,118796.0,4735.0,76.0,96.0,2.572,0.192,0.16,0.03,0.12,0.15,EPIC
HIP66646,118866.0,,,,,,,,,,EPIC
HIP66659,118891.0,,,,,,,,,,EPIC
HIP66686,118939.0,,,,,,,,,,EPIC
HIP66757,119026.0,5876.0,331.0,397.0,3.882,0.126,0.126,-0.049,0.16,0.24,EPIC
HIP66758,119009.0,,,,,,,,,,EPIC
HIP66776,119060.0,6031.0,237.0,237.0,3.974,0.115,0.138,-0.026,0.18,0.27,EPIC
HIP66834,,4715.0,141.0,141.0,2.454,0.286,0.132,-0.156,0.2,0.36,EPIC
HIP66844,119185.0,,,,,,,,,,EPIC
HIP66922,119373.0,,,,,,,,,,EPIC
HIP66927,119372.0,,,,,,,,,,EPIC
HIP67072,119668.0,6213.0,198.0,247.0,3.72,0.085,0.102,0.052,0.12,0.12,EPIC
HIP67274,120024.0,4692.0,115.0,115.0,2.468,0.225,0.125,-0.019,0.15,0.18,EPIC
HIP67339,120203.0,,,,,,,,,,EPIC
HIP67369,120249.0,5267.0,331.0,276.0,3.475,0.18,0.18,-0.049,0.12,0.36,EPIC
HIP67403,120284.0,4407.0,106.0,106.0,0.419,1.854,0.515,-2.17,2.24,0.4,EPIC
HIP67494,120452.0,,,,,,,,,,EPIC
HIP67718,120880.0,4699.0,143.0,114.0,2.48,0.24,0.144,-0.07,0.2,0.32,EPIC
HIP67763,120969.0,,,,,,,,,,EPIC
HIP67855,121166.0,,,,,,,,,,EPIC
HIP67931,121284.0,,,,,,,,,,EPIC
HIP67999,121422.0,,,,,,,,,,EPIC
HIP68063,121548.0,4239.0,86.0,69.0,1.933,0.205,0.246,0.1,0.1,0.18,EPIC
HIP68267,121883.0,,,,,,,,,,EPIC
HIP68291,121926.0,,,,,,,,,,EPIC
HIP68371,122084.0,4764.0,115.0,115.0,2.56,0.252,0.18,-0.03,0.16,0.24,EPIC
HIP68398,122135.0,4783.0,76.0,47.0,3.031,0.264,0.165,-0.096,0.15,0.15,EPIC
HIP68425,122171.0,,,,,,,,,,EPIC
HIP68453,122242.0,,,,,,,,,,EPIC
HIP68535,122409.0,6370.0,259.0,259.0,3.951,0.132,0.11,-0.004,0.12,0.12,EPIC
HIP68709,122771.0,,,,,,,,,,EPIC
HIP68748,122835.0,,,,,,,,,,EPIC
HIP68763,122837.0,4800.0,57.0,77.0,2.865,0.05,0.16,0.033,0.08,0.22,EPIC
HIP68993,123380.0,4768.0,144.0,115.0,2.51,0.25,0.15,-0.088,0.16,0.32,EPIC
HIP73927,133670.0,,,,,,,,,,EPIC
HIP73928,133709.0,,,,,,,,,,EPIC
HIP74111,134136.0,4651.0,118.0,118.0,2.491,0.2,0.12,-0.002,0.12,0.21,EPIC
HIP74291,134537.0,6887.0,350.0,350.0,4.18,0.065,0.117,0.02,0.1,0.12,EPIC
HIP74412,134812.0,4815.0,75.0,94.0,2.727,0.115,0.299,-0.18,0.25,0.3,EPIC
HIP74669,135424.0,,,,,,,,,,EPIC
HIP74851,135842.0,,,,,,,,,,EPIC
HIP74892,135909.0,,,,,,,,,,EPIC
HIP75092,136295.0,4864.0,77.0,58.0,3.324,0.252,0.112,-0.039,0.12,0.15,EPIC
HIP75254,136699.0,4828.0,142.0,142.0,3.028,0.335,0.469,-0.122,0.2,0.28,EPIC
HIP75288,136703.0,4686.0,73.0,55.0,2.522,0.132,0.11,-0.005,0.1,0.14,EPIC
HIP75291,136778.0,4902.0,101.0,80.0,2.826,0.295,0.295,-0.113,0.15,0.39,EPIC
HIP75368,136981.0,,,,,,,,,,EPIC
HIP75376,136958.0,4896.0,117.0,98.0,2.986,0.372,0.372,-0.122,0.2,0.4,EPIC
HIP75462,137115.0,4604.0,55.0,92.0,2.773,0.17,0.204,0.18,0.12,0.12,EPIC
HIP75504,137210.0,4744.0,116.0,116.0,2.438,0.108,0.126,-0.028,0.12,0.12,EPIC
HIP75598,137431.0,4705.0,139.0,111.0,2.501,0.225,0.15,-0.062,0.16,0.24,EPIC
HIP75601,,,,,,,,,,,EPIC
HIP75879,138042.0,,,,,,,,,,EPIC
HIP75927,138065.0,,,,,,,,,,EPIC
HIP75948,138123.0,6163.0,246.0,296.0,3.998,0.085,0.085,-0.026,0.12,0.15,EPIC
HIP76085,138411.0,6417.0,271.0,194.0,3.827,0.258,0.215,0.024,0.12,0.15,EPIC
HIP76104,138414.0,4756.0,77.0,96.0,2.711,0.132,0.22,0.104,0.1,0.12,EPIC
HIP76201,138600.0,5232.0,128.0,224.0,3.644,0.042,0.049,0.014,0.12,0.15,EPIC
HIP76268,138739.0,4839.0,144.0,86.0,2.143,0.27,0.675,-1.209,0.55,0.66,EPIC
HIP76323,138904.0,6427.0,260.0,208.0,3.731,0.15,0.15,0.046,0.1,0.1,EPIC
HIP76335,138888.0,4704.0,143.0,143.0,2.478,0.243,0.135,-0.048,0.15,0.27,EPIC
HIP76480,139183.0,4988.0,259.0,99.0,2.767,0.37,0.37,-0.184,0.3,0.78,EPIC
HIP76505,139220.0,6498.0,198.0,198.0,3.986,0.22,0.264,-0.001,0.12,0.12,EPIC
HIP76532,139254.0,,,,,,,,,,EPIC
HIP76569,139329.0,,,,,,,,,,EPIC
HIP76576,139346.0,4702.0,138.0,138.0,2.486,0.184,0.138,-0.022,0.15,0.21,EPIC
HIP76605,139409.0,4866.0,77.0,77.0,2.679,0.135,0.297,-0.112,0.12,0.3,EPIC
HIP76611,139383.0,6483.0,195.0,292.0,3.605,0.07,0.07,0.04,0.1,0.1,EPIC
HIP76631,139463.0,6503.0,325.0,216.0,4.129,0.125,0.175,0.019,0.12,0.15,EPIC
HIP76946,,5979.0,234.0,281.0,4.007,0.294,0.245,-0.092,0.2,0.32,EPIC
HIP76983,140270.0,4846.0,96.0,115.0,2.7,0.14,0.28,-0.022,0.15,0.36,EPIC
HIP77007,140301.0,4753.0,77.0,77.0,2.857,0.27,0.15,-0.103,0.15,0.15,EPIC
HIP77036,140371.0,4842.0,150.0,150.0,2.57,0.266,0.19,-0.124,0.2,0.52,EPIC
HIP77225,140779.0,5631.0,750.0,469.0,3.439,0.336,1.008,-0.056,0.16,1.0,EPIC
HIP77250,140836.0,,,,,,,,,,EPIC
HIP77297,140919.0,4812.0,97.0,97.0,2.677,0.11,0.242,0.047,0.12,0.21,EPIC
HIP77405,141092.0,6175.0,248.0,248.0,3.901,0.145,0.174,0.034,0.1,0.16,EPIC
HIP77601,141574.0,6249.0,352.0,252.0,4.02,0.215,0.258,0.007,0.12,0.18,EPIC
HIP77609,141660.0,6276.0,317.0,198.0,3.756,0.095,0.114,0.039,0.1,0.1,EPIC
HIP77611,141555.0,4923.0,153.0,122.0,2.734,0.13,0.312,-0.09,0.15,0.54,EPIC
HIP77948,142380.0,7537.0,75.0,75.0,3.963,0.02,0.02,-0.063,0.05,0.05,EPIC
HIP78031,142523.0,,,,,,,,,,EPIC
HIP78082,142686.0,,,,,,,,,,EPIC
HIP78462,143460.0,,,,,,,,,,EPIC
HIP78543,143590.0,6442.0,382.0,318.0,3.896,0.18,0.18,0.013,0.12,0.12,EPIC
HIP78622,,,,,,,,,,,EPIC
HIP78681,143899.0,,,,,,,,,,EPIC
HIP78977,144548.0,5219.0,161.0,129.0,3.77,0.025,0.16,0.004,0.12,0.63,EPIC
HIP79015,144711.0,6448.0,478.0,298.0,3.867,0.19,0.19,0.007,0.1,0.12,EPIC
HIP79061,144805.0,4890.0,145.0,103.0,2.698,0.14,0.28,-0.047,0.16,0.48,EPIC
HIP79083,144822.0,6169.0,519.0,727.0,3.518,0.152,0.114,0.026,0.12,0.12,EPIC
HIP79146,144940.0,6216.0,468.0,260.0,3.921,0.21,0.21,0.007,0.12,0.15,EPIC
HIP79335,145390.0,,,,,,,,,,EPIC
HIP79341,,6397.0,515.0,368.0,3.95,0.14,0.14,0.033,0.1,0.14,EPIC
HIP79364,145428.0,4825.0,173.0,115.0,2.887,0.125,0.175,-0.155,0.24,0.72,EPIC
HIP79395,145553.0,6348.0,509.0,318.0,3.936,0.18,0.216,0.025,0.1,0.16,EPIC
HIP79397,145481.0,6403.0,316.0,316.0,3.657,0.16,0.1,0.072,0.1,0.08,EPIC
HIP79442,145571.0,6489.0,513.0,321.0,3.809,0.18,0.18,0.007,0.1,0.1,EPIC
HIP79462,145655.0,6079.0,497.0,995.0,3.637,0.246,0.492,0.009,0.12,0.24,EPIC
HIP79520,145736.0,6377.0,517.0,323.0,3.894,0.126,0.084,0.038,0.1,0.1,EPIC
HIP79560,145916.0,6415.0,374.0,374.0,4.06,0.145,0.145,-0.011,0.15,0.18,EPIC
HIP79605,145997.0,4894.0,77.0,96.0,3.234,0.2,0.1,-0.196,0.25,0.25,EPIC
HIP79643,146069.0,6684.0,479.0,479.0,3.953,0.216,0.216,0.012,0.12,0.12,EPIC
HIP79684,146156.0,5978.0,342.0,342.0,3.909,0.132,0.066,-0.067,0.15,0.24,EPIC
HIP79722,146237.0,,,,,,,,,,EPIC
HIP80027,146998.0,,,,,,,,,,EPIC
HIP80072,147136.0,,,,,,,,,,EPIC
HIP80123,147166.0,5359.0,130.0,163.0,2.481,0.913,0.066,-0.986,0.96,0.2,EPIC
HIP80196,147343.0,5660.0,438.0,134.0,3.125,0.66,0.66,-0.888,0.9,0.54,EPIC
HIP80343,147700.0,,,,,,,,,,EPIC
HIP80447,147930.0,6336.0,771.0,342.0,3.835,0.15,0.175,0.082,0.12,0.12,EPIC
HIP80462,147889.0,5987.0,247.0,445.0,3.688,0.124,0.217,0.023,0.09,0.18,EPIC
HIP80534,148087.0,6308.0,156.0,468.0,3.789,0.207,0.138,0.042,0.15,0.12,EPIC
HIP80535,148040.0,6336.0,465.0,387.0,4.005,0.168,0.112,-0.005,0.12,0.15,EPIC
HIP80736,148428.0,5931.0,233.0,279.0,3.925,0.091,0.078,-0.052,0.16,0.24,EPIC
HIP81004,148970.0,,,,,,,,,,EPIC
HIP81315,149618.0,6488.0,495.0,412.0,3.877,0.276,0.138,0.042,0.12,0.15,EPIC
HIP81514,150018.0,6181.0,303.0,303.0,3.743,0.125,0.15,0.007,0.1,0.08,EPIC
HIP81521,149960.0,6265.0,466.0,233.0,3.754,0.06,0.096,0.058,0.08,0.1,EPIC
HIP81527,149961.0,,,,,,,,,,EPIC
HIP81632,150259.0,,,,,,,,,,EPIC
HIP81688,150321.0,,,,,,,,,,EPIC
HIP81731,150367.0,,,,,,,,,,EPIC
HIP81910,150698.0,6082.0,247.0,198.0,3.995,0.055,0.066,-0.025,0.15,0.21,EPIC
HIP82128,151194.0,6424.0,412.0,343.0,4.059,0.16,0.192,-0.017,0.12,0.15,EPIC
HIP82149,151222.0,4826.0,78.0,97.0,2.704,0.156,0.312,-0.043,0.12,0.27,EPIC
HIP82564,152177.0,7165.0,71.0,1039.0,4.165,0.02,0.388,0.007,0.18,0.05,EPIC
HIP82583,152178.0,4897.0,59.0,79.0,2.415,0.15,0.125,-0.04,0.1,0.1,EPIC
HIP82760,152570.0,,,,,,,,,,EPIC
HIP82812,,,,,,,,,,,EPIC
HIP82818,,5296.0,269.0,224.0,2.523,0.296,0.04,-1.194,0.16,0.32,EPIC
HIP82878,152752.0,6360.0,192.0,230.0,3.763,0.225,0.125,0.044,0.09,0.12,EPIC
HIP82941,,,,,,,,,,,EPIC
HIP83005,152999.0,5641.0,305.0,135.0,3.817,0.4,0.16,0.043,0.12,0.06,EPIC
HIP83078,153100.0,,,,,,,,,,EPIC
HIP83246,153483.0,5979.0,296.0,356.0,4.036,0.216,0.18,-0.116,0.2,0.28,EPIC
HIP83296,153567.0,6529.0,348.0,193.0,4.015,0.168,0.168,0.028,0.15,0.18,EPIC
HIP83428,153874.0,5985.0,299.0,358.0,3.827,0.06,0.084,0.013,0.12,0.15,EPIC
HIP83482,154018.0,4780.0,96.0,115.0,2.531,0.186,0.155,0.001,0.15,0.24,EPIC
HIP83539,154148.0,5262.0,63.0,84.0,3.707,0.02,0.064,0.094,0.05,0.16,EPIC
HIP83679,,6048.0,182.0,364.0,3.851,0.096,0.072,0.039,0.12,0.27,EPIC
HIP83806,154603.0,,,,,,,,,,EPIC
HIP83809,154626.0,5706.0,317.0,181.0,4.278,0.192,0.512,0.018,0.12,0.21,EPIC
HIP83854,154779.0,,,,,,,,,,EPIC
HIP83976,155048.0,4893.0,208.0,364.0,2.1,0.09,1.764,-0.025,0.15,0.12,EPIC
HIP83978,155063.0,5889.0,277.0,277.0,3.871,0.208,0.13,-0.081,0.18,0.27,EPIC
HIP84056,155233.0,4991.0,224.0,81.0,2.931,0.405,0.075,-0.686,0.63,0.35,EPIC
HIP84101,155309.0,,,,,,,,,,EPIC
HIP84144,155363.0,4837.0,138.0,78.0,2.641,0.17,0.204,-0.066,0.08,0.44,EPIC
HIP84270,155629.0,,,,,,,,,,EPIC
HIP84407,155867.0,5857.0,295.0,414.0,3.849,0.08,0.08,-0.056,0.16,0.24,EPIC
HIP84467,,6117.0,252.0,180.0,3.974,0.225,0.27,-0.06,0.15,0.33,EPIC
HIP84501,156039.0,6332.0,232.0,193.0,3.879,0.12,0.144,0.076,0.08,0.18,EPIC
HIP84526,156169.0,4761.0,141.0,141.0,2.595,0.286,0.156,-0.081,0.12,0.33,EPIC
HIP84576,156184.0,5158.0,211.0,169.0,2.491,0.64,0.06,-0.833,0.65,0.25,EPIC
HIP84636,156365.0,,,,,,,,,,EPIC
HIP84851,156780.0,4429.0,829.0,592.0,0.696,1.89,0.42,0.066,0.24,0.32,EPIC
HIP84856,156846.0,6462.0,377.0,314.0,4.067,0.066,0.099,0.045,0.09,0.15,EPIC
HIP84933,156933.0,6130.0,257.0,184.0,3.787,0.16,0.1,0.088,0.06,0.16,EPIC
HIP85023,157202.0,4651.0,74.0,93.0,2.468,0.126,0.09,0.036,0.1,0.16,EPIC
HIP85132,157336.0,4981.0,81.0,81.0,3.398,0.054,0.108,-0.236,0.15,0.27,EPIC
HIP85154,157398.0,,,,,,,,,,EPIC
HIP85207,157527.0,,,,,,,,,,EPIC
HIP85242,157588.0,,,,,,,,,,EPIC
HIP85320,157719.0,4922.0,246.0,154.0,3.146,0.285,0.342,-0.157,0.25,0.4,EPIC
HIP85624,158356.0,6161.0,221.0,258.0,3.931,0.126,0.147,0.003,0.15,0.21,EPIC
HIP85689,158542.0,6631.0,323.0,202.0,3.833,0.1,0.12,0.035,0.08,0.08,EPIC
HIP85712,158514.0,6992.0,69.0,647.0,3.656,0.072,0.02,0.178,0.05,0.12,EPIC
HIP85719,158595.0,6437.0,257.0,257.0,3.637,0.162,0.27,0.114,0.06,0.12,EPIC
HIP85770,315939.0,6712.0,8779.0,787.0,3.663,0.13,0.182,0.176,0.1,0.1,EPIC
HIP85804,158758.0,6335.0,306.0,306.0,4.03,0.13,0.156,0.034,0.12,0.18,EPIC
HIP85875,159011.0,4896.0,80.0,100.0,2.711,0.175,0.28,-0.089,0.12,0.3,EPIC
HIP85899,158980.0,6395.0,248.0,248.0,3.622,0.055,0.088,0.074,0.12,0.08,EPIC
HIP85928,315982.0,,,,,,,,,,EPIC
HIP86208,159743.0,,,,,,,,,,EPIC
HIP86265,,,,,,,,,,,EPIC
HIP86404,160108.0,,,,,,,,,,EPIC
HIP86495,160428.0,,,,,,,,,,EPIC
HIP86603,160640.0,,,,,,,,,,EPIC
HIP86705,,,,,,,,,,,EPIC
HIP86837,161155.0,,,,,,,,,,EPIC
HIP86866,161136.0,4993.0,179.0,119.0,3.589,0.08,0.704,-0.169,0.25,0.55,EPIC
HIP87273,162030.0,,,,,,,,,,EPIC
HIP87411,162435.0,,,,,,,,,,EPIC
HIP87422,162389.0,,,,,,,,,,EPIC
HIP87546,162675.0,,,,,,,,,,EPIC
HIP87661,162871.0,,,,,,,,,,EPIC
HIP87714,163061.0,,,,,,,,,,EPIC
HIP87894,163513.0,,,,,,,,,,EPIC
HIP87903,163452.0,,,,,,,,,,EPIC
HIP87967,312386.0,,,,,,,,,,EPIC
HIP88073,163891.0,,,,,,,,,,EPIC
HIP88142,164031.0,,,,,,,,,,EPIC
HIP88145,164104.0,,,,,,,,,,EPIC
HIP88558,165098.0,,,,,,,,,,EPIC
HIP88683,165269.0,,,,,,,,,,EPIC
HIP88798,165530.0,,,,,,,,,,EPIC
HIP88806,165673.0,,,,,,,,,,EPIC
HIP88906,165787.0,,,,,,,,,,EPIC
HIP89029,166167.0,,,,,,,,,,EPIC
HIP89567,167570.0,,,,,,,,,,EPIC
HIP89741,168053.0,,,,,,,,,,EPIC
HIP89893,168451.0,,,,,,,,,,EPIC
HIP90513,169966.0,,,,,,,,,,EPIC
HIP91993,173178.0,,,,,,,,,,EPIC
HIP92086,173378.0,,,,,,,,,,EPIC
HIP92166,,,,,,,,,,,EPIC
HIP92314,173918.0,,,,,,,,,,EPIC
HIP92356,173966.0,,,,,,,,,,EPIC
HIP92399,174134.0,,,,,,,,,,EPIC
HIP92576,174521.0,,,,,,,,,,EPIC
HIP92635,174630.0,4903.0,116.0,145.0,3.057,0.366,0.305,-0.294,0.3,0.3,EPIC
HIP92664,174709.0,,,,,,,,,,EPIC
HIP92950,175453.0,,,,,,,,,,EPIC
HIP92994,175526.0,,,,,,,,,,EPIC
HIP93288,176203.0,,,,,,,,,,EPIC
HIP93339,176336.0,,,,,,,,,,EPIC
HIP93392,176419.0,4978.0,214.0,153.0,2.677,0.621,0.345,-0.264,0.3,0.54,EPIC
HIP93405,176473.0,,,,,,,,,,EPIC
HIP93464,176680.0,,,,,,,,,,EPIC
HIP93661,177166.0,6113.0,290.0,193.0,4.294,0.1,0.18,-0.019,0.12,0.3,EPIC
HIP93683,177241.0,,,,,,,,,,EPIC
HIP93819,177609.0,,,,,,,,,,EPIC
HIP93877,177736.0,,,,,,,,,,EPIC
HIP93923,177823.0,,,,,,,,,,EPIC
HIP93982,178049.0,,,,,,,,,,EPIC
HIP94041,178250.0,5083.0,374.0,208.0,3.527,0.275,0.275,-0.136,0.2,0.28,EPIC
HIP94059,178251.0,4681.0,131.0,93.0,2.652,0.195,0.195,-0.147,0.2,0.24,EPIC
HIP94108,178321.0,,,,,,,,,,EPIC
HIP94115,178438.0,,,,,,,,,,EPIC
HIP94144,178555.0,4688.0,221.0,110.0,2.806,0.36,0.18,-0.124,0.16,0.24,EPIC
HIP94261,178814.0,,,,,,,,,,EPIC
HIP94320,179086.0,,,,,,,,,,EPIC
HIP94345,179177.0,6330.0,224.0,149.0,3.778,0.088,0.055,0.059,0.12,0.12,EPIC
HIP94473,179452.0,4374.0,92.0,73.0,1.749,0.26,0.52,-0.254,0.3,0.36,EPIC
HIP94534,179722.0,,,,,,,,,,EPIC
HIP94699,180091.0,,,,,,,,,,EPIC
HIP94845,180631.0,,,,,,,,,,EPIC
HIP94964,181007.0,,,,,,,,,,EPIC
HIP95124,181342.0,4946.0,148.0,119.0,3.309,0.265,0.318,-0.234,0.24,0.36,EPIC
HIP95215,181698.0,,,,,,,,,,EPIC
HIP95233,181786.0,,,,,,,,,,EPIC
HIP95386,182120.0,,,,,,,,,,EPIC
HIP95458,182390.0,,,,,,,,,,EPIC
HIP95746,183089.0,,,,,,,,,,EPIC
HIP95865,183275.0,4932.0,215.0,78.0,3.405,0.26,0.156,-0.121,0.18,0.27,EPIC
HIP95942,183499.0,,,,,,,,,,EPIC
HIP96094,183782.0,,,,,,,,,,EPIC
HIP96494,184778.0,6298.0,265.0,189.0,3.93,0.08,0.096,-0.001,0.15,0.12,EPIC
HIP96760,185467.0,4832.0,57.0,76.0,2.872,0.384,0.096,-0.253,0.27,0.09,EPIC
HIP96838,185678.0,,,,,,,,,,EPIC
HIP108265,208354.0,,,,,,,,,,EPIC
HIP108462,208721.0,,,,,,,,,,EPIC
HIP108619,208965.0,5389.0,266.0,266.0,3.703,0.105,0.189,-0.212,0.25,0.55,EPIC
HIP108722,209131.0,,,,,,,,,,EPIC
HIP109140,209820.0,,,,,,,,,,EPIC
HIP109236,210030.0,,,,,,,,,,EPIC
HIP109290,210123.0,,,,,,,,,,EPIC
HIP109369,210269.0,,,,,,,,,,EPIC
HIP109390,210295.0,4922.0,100.0,100.0,2.539,0.476,0.34,-0.883,0.4,0.4,EPIC
HIP109392,210297.0,,,,,,,,,,EPIC
HIP109430,210357.0,4667.0,111.0,111.0,2.634,0.343,0.245,-0.066,0.2,0.2,EPIC
HIP109446,210409.0,4793.0,116.0,116.0,2.594,0.21,0.21,-0.058,0.16,0.32,EPIC
HIP109460,210422.0,,,,,,,,,,EPIC
HIP109722,210878.0,5493.0,167.0,134.0,3.726,0.085,0.119,-0.057,0.24,0.2,EPIC
HIP109811,211021.0,,,,,,,,,,EPIC
HIP109836,211080.0,5074.0,81.0,50.0,3.757,0.02,0.06,0.083,0.05,0.12,EPIC
HIP109970,211289.0,4769.0,116.0,116.0,2.646,0.195,0.234,-0.058,0.16,0.28,EPIC
HIP109998,211360.0,,,,,,,,,,EPIC
HIP110009,211392.0,,,,,,,,,,EPIC
HIP110046,211436.0,,,,,,,,,,EPIC
HIP110054,211463.0,,,,,,,,,,EPIC
HIP110131,211595.0,,,,,,,,,,EPIC
HIP110169,211674.0,4856.0,98.0,98.0,2.76,0.11,0.352,-0.051,0.12,0.42,EPIC
HIP110179,211676.0,,,,,,,,,,EPIC
HIP110208,211748.0,,,,,,,,,,EPIC
HIP110278,211841.0,,,,,,,,,,EPIC
HIP110454,212142.0,5638.0,398.0,331.0,3.737,0.102,0.153,-0.039,0.15,0.24,EPIC
HIP110471,212204.0,,,,,,,,,,EPIC
HIP110701,212587.0,,,,,,,,,,EPIC
HIP110723,212627.0,5288.0,135.0,203.0,2.473,0.266,0.035,-0.937,0.75,0.25,EPIC
HIP110813,212771.0,4955.0,59.0,59.0,3.034,0.102,0.102,-0.412,0.09,0.24,EPIC
HIP110961,213031.0,,,,,,,,,,EPIC
HIP111044,213181.0,,,,,,,,,,EPIC
HIP111100,213251.0,,,,,,,,,,EPIC
HIP111234,213510.0,,,,,,,,,,EPIC
HIP111312,213612.0,5139.0,222.0,127.0,3.611,0.11,0.132,-0.341,0.36,0.36,EPIC
HIP111333,213652.0,4707.0,93.0,93.0,2.467,0.16,0.1,-0.073,0.15,0.18,EPIC
HIP111364,213723.0,4753.0,96.0,76.0,2.414,0.165,0.264,-0.388,0.3,0.6,EPIC
HIP111451,213897.0,,,,,,,,,,EPIC
HIP111545,214078.0,,,,,,,,,,EPIC
HIP111661,214270.0,,,,,,,,,,EPIC
HIP111691,214321.0,,,,,,,,,,EPIC
HIP111710,214376.0,,,,,,,,,,EPIC
HIP111780,214449.0,,,,,,,,,,EPIC
HIP111792,214477.0,,,,,,,,,,EPIC
HIP111822,214529.0,6213.0,338.0,242.0,3.9,0.12,0.1,0.016,0.15,0.18,EPIC
HIP111843,214572.0,6020.0,136.0,273.0,3.829,0.07,0.07,-0.026,0.12,0.27,EPIC
HIP111915,214722.0,5621.0,607.0,276.0,3.653,0.14,0.12,0.004,0.08,0.2,EPIC
HIP111931,214723.0,,,,,,,,,,EPIC
HIP112019,214887.0,,,,,,,,,,EPIC
HIP112409,215542.0,,,,,,,,,,EPIC
HIP112799,216144.0,,,,,,,,,,EPIC
HIP113008,,,,,,,,,,,EPIC
HIP113106,216614.0,,,,,,,,,,EPIC
HIP113123,216626.0,,,,,,,,,,EPIC
HIP113199,216738.0,,,,,,,,,,EPIC
HIP113279,216834.0,,,,,,,,,,EPIC
HIP113345,216953.0,,,,,,,,,,EPIC
HIP113478,217188.0,,,,,,,,,,EPIC
HIP113521,217264.0,,,,,,,,,,EPIC
HIP113523,217248.0,,,,,,,,,,EPIC
HIP113611,217410.0,,,,,,,,,,EPIC
HIP113709,217572.0,4810.0,95.0,76.0,2.793,0.065,0.273,0.021,0.12,0.27,EPIC
HIP113723,217591.0,4833.0,96.0,77.0,3.157,0.12,0.12,-0.104,0.16,0.28,EPIC
HIP113736,217623.0,4822.0,116.0,116.0,2.448,0.3,0.075,-0.18,0.25,0.35,EPIC
HIP113805,,,,,,,,,,,EPIC
HIP113879,217876.0,,,,,,,,,,EPIC
HIP114005,218103.0,,,,,,,,,,EPIC
HIP114079,218210.0,4802.0,74.0,74.0,2.582,0.216,0.216,-0.083,0.15,0.21,EPIC
HIP114148,218330.0,,,,,,,,,,EPIC
HIP114202,218383.0,4844.0,78.0,78.0,2.352,0.065,0.13,-0.831,0.35,0.25,EPIC
HIP114218,218399.0,,,,,,,,,,EPIC
HIP114273,218527.0,,,,,,,,,,EPIC
HIP114284,218528.0,,,,,,,,,,EPIC
HIP114310,218553.0,4714.0,56.0,75.0,2.96,0.078,0.065,0.057,0.21,0.15,EPIC
HIP114380,218676.0,6291.0,186.0,149.0,3.676,0.035,0.042,0.058,0.1,0.1,EPIC
HIP114419,218731.0,,,,,,,,,,EPIC
HIP114493,218846.0,,,,,,,,,,EPIC
HIP114510,218883.0,,,,,,,,,,EPIC
HIP114521,218907.0,6497.0,269.0,269.0,4.016,0.065,0.078,0.014,0.12,0.18,EPIC
HIP114567,218968.0,4783.0,145.0,145.0,2.435,0.247,0.065,-0.225,0.25,0.35,EPIC
HIP114603,219066.0,4764.0,94.0,113.0,2.628,0.185,0.222,-0.046,0.15,0.24,EPIC
HIP114795,219349.0,,,,,,,,,,EPIC
HIP114852,,,,,,,,,,,EPIC
HIP114860,219448.0,5109.0,273.0,91.0,2.48,0.198,0.198,-0.922,0.8,0.4,EPIC
HIP114959,219593.0,,,,,,,,,,EPIC
HIP115037,219701.0,6187.0,343.0,245.0,4.048,0.09,0.075,-0.054,0.16,0.24,EPIC
HIP115160,219906.0,,,,,,,,,,EPIC
HIP115301,220119.0,4727.0,75.0,56.0,2.72,0.07,0.126,0.135,0.08,0.08,EPIC
HIP115311,220120.0,,,,,,,,,,EPIC
HIP115464,220385.0,4862.0,96.0,115.0,2.782,0.085,0.357,-0.035,0.12,0.39,EPIC
HIP115491,220435.0,4856.0,98.0,98.0,2.994,0.125,0.15,-0.232,0.25,0.5,EPIC
HIP115572,220554.0,,,,,,,,,,EPIC
HIP115599,220586.0,,,,,,,,,,EPIC
HIP115677,220725.0,4260.0,101.0,67.0,2.081,0.14,0.14,0.172,0.08,0.08,EPIC
HIP115768,220858.0,4833.0,77.0,57.0,2.92,0.13,0.182,-0.255,0.2,0.2,EPIC
HIP115784,220890.0,4842.0,155.0,58.0,1.856,0.52,1.56,-1.276,0.96,0.72,EPIC
HIP115786,220873.0,4670.0,113.0,113.0,2.42,0.12,0.075,-0.149,0.2,0.28,EPIC
HIP115839,220957.0,4987.0,59.0,59.0,2.824,0.192,0.12,-0.793,0.21,0.15,EPIC
HIP115901,221080.0,6308.0,298.0,248.0,3.67,0.055,0.066,0.057,0.12,0.12,EPIC
HIP115909,221091.0,4695.0,111.0,111.0,2.442,0.138,0.115,-0.028,0.15,0.21,EPIC
HIP115953,221148.0,,,,,,,,,,EPIC
HIP115958,221149.0,6303.0,312.0,312.0,3.973,0.065,0.065,-0.008,0.12,0.15,EPIC
HIP115988,221195.0,,,,,,,,,,EPIC
HIP116143,221397.0,4907.0,148.0,118.0,2.458,0.315,0.09,-0.261,0.3,0.42,EPIC
HIP116209,221501.0,6346.0,253.0,253.0,3.824,0.066,0.055,0.025,0.12,0.15,EPIC
HIP116428,221835.0,5048.0,60.0,80.0,2.415,0.042,0.048,-0.628,0.12,0.12,EPIC
HIP116639,222157.0,,,,,,,,,,EPIC
HIP116689,222232.0,6256.0,300.0,250.0,3.951,0.066,0.066,0.022,0.12,0.15,EPIC
HIP117044,222775.0,6586.0,393.0,314.0,3.979,0.075,0.075,0.01,0.12,0.12,EPIC
HIP117274,223115.0,4897.0,59.0,79.0,2.574,0.246,0.205,-0.233,0.2,0.2,EPIC
HIP117438,223336.0,,,,,,,,,,EPIC
HIP117875,224038.0,,,,,,,,,,EPIC
HIP117940,224121.0,,,,,,,,,,EPIC
