HIP,MH,eMH,Teff,eTeff,logg_x,elogg,L,eL,label,#Id,age,age_68L,age_68U,mass,mass_68L,mass_68U,logg_y,logg_68L,logg_68U,rad,rad_68L,rad_68U,logrho,logrho_68L,logrho_68U,logg_spec,logg
840,-0.1,0.024,4849,34,2.908,0.08,17.3043192425,1.1116840249,field,840,4.8687,3.811,6.2341,1.2295,1.146,1.3176,2.9703,2.9303,3.0104,5.8833,5.6931,6.0803,-2.2382,-2.2884,-2.1877,2.908,2.9703
1708,0.149,0.047,4970,57,2.485,0.166,89.7274516446,7.9062918701,field,1708,0.485,0.4023,0.5818,2.8759,2.7429,2.9971,2.6604,2.6251,2.6942,12.8454,12.2797,13.434,-2.8875,-2.94,-2.8355,2.485,2.6604
2611,-0.047,0.034,4822,46,2.574,0.13,61.9677975247,6.6213767093,host,2611,2.0601,1.5641,3.0849,1.6069,1.4113,1.7727,2.5333,2.4773,2.5969,11.0014,10.781,11.2647,-2.9514,-3.0096,-2.8773,2.574,2.5333
3031,-0.504,0.026,5059,27,2.638,0.047,46.7883464935,1.6383590225,field,3031,1.2041,1.0831,1.302,1.7038,1.6614,1.7675,2.7407,2.7228,2.7584,9.0435,8.8887,9.2049,-2.6539,-2.6776,-2.6318,2.638,2.7407
3179,0.016,0.057,4806,84,2.379,0.18,703.019873527,25.3731947088,field,3179,0.1397,0.1279,0.1508,4.4709,4.3678,4.5757,1.9315,1.9069,1.951,37.1637,36.1192,38.3292,-4.0775,-4.1145,-4.0462,2.379,1.9315
3231,-0.029,0.026,5169,30,2.865,0.087,87.2185171702,6.4171456521,field,3231,0.3308,0.3159,0.3467,3.0368,2.9785,3.0939,2.7925,2.7675,2.8174,11.347,10.9317,11.7778,-2.7009,-2.7421,-2.6601,2.865,2.7925
3607,-0.125,0.028,4948,35,2.741,0.092,57.875849441,3.8504384495,field,3607,1.2322,1.1349,1.3585,1.9153,1.8239,2.0351,2.6906,2.6492,2.7335,10.1638,9.8493,10.492,-2.7554,-2.8085,-2.7013,2.741,2.6906
3750,-0.104,0.026,4825,38,2.841,0.102,18.9880178607,2.436669962,field,3750,5.0689,3.6796,6.975,1.2152,1.1102,1.3307,2.9139,2.8647,2.9644,6.2393,5.8744,6.6292,-2.3201,-2.3903,-2.2487,2.841,2.9139
3834,0.042,0.029,4988,39,3.216,0.092,14.9484371492,1.1435576198,host,3834,1.891,1.5842,2.2296,1.6421,1.5665,1.7392,3.2171,3.1792,3.2553,5.126,4.9325,5.3267,-1.9314,-1.9834,-1.8791,3.216,3.2171
4422,-0.328,0.026,4905,28,2.504,0.095,56.9904431333,2.3194078536,field,4422,7.056,4.037,10.7492,1.0127,0.914,1.2154,2.3775,2.3583,2.4376,10.5582,10.2671,10.7989,-3.0801,-3.0958,-3.035,2.504,2.3775
4552,0.143,0.033,4917,47,3.244,0.163,13.5659710981,0.7299841758,host,4552,2.3281,1.9441,2.9475,1.5841,1.4835,1.6667,3.213,3.1697,3.2533,5.0462,4.8913,5.2067,-1.9291,-1.9833,-1.8769,3.244,3.213
4906,-0.233,0.025,4929,28,2.597,0.065,64.2429072731,2.4122923913,field,4906,1.6091,1.4078,1.9181,1.6738,1.5745,1.7622,2.5706,2.5306,2.6052,10.8994,10.6775,11.0639,-2.9053,-2.9518,-2.8632,2.597,2.5706
4914,-0.271,0.026,4598,46,2.4,0.112,92.18611678,5.7647969498,field,4914,2.2402,1.6873,3.2738,1.489,1.3311,1.621,2.2631,2.2002,2.3142,14.6264,14.1091,15.1583,-3.3419,-3.4141,-3.2781,2.4,2.2631
5364,0.092,0.047,4638,85,2.487,0.187,74.1720381691,2.3160804608,field,5364,1.8828,1.3184,3.0346,1.709,1.475,1.9151,2.4158,2.3396,2.4762,13.1791,12.6425,13.6494,-3.1448,-3.2297,-3.0688,2.487,2.4158
9631,-0.049,0.047,4885,59,2.721,0.141,55.0293211695,8.1025487859,field,9631,1.3029,1.0833,1.6566,1.8951,1.7226,2.0788,2.6771,2.5841,2.7546,10.3071,9.6996,10.9313,-2.7747,-2.8927,-2.6726,2.721,2.6771
9884,-0.133,0.033,4575,60,2.322,0.149,82.6579123826,2.5659392102,host,9884,2.5251,1.7543,4.4286,1.482,1.2523,1.6501,2.2849,2.1973,2.351,14.1566,13.7784,14.5994,-3.3056,-3.402,-3.2299,2.322,2.2849
11432,-0.066,0.032,4613,56,2.419,0.146,55.304657569,4.1064515851,field,11432,6.0137,3.3501,10.0444,1.1481,0.9793,1.3829,2.3935,2.3421,2.4475,10.9811,10.6897,11.6543,-3.0871,-3.1368,-3.0389,2.419,2.3935
11791,0.03,0.029,4885,41,2.853,0.093,51.4810034963,4.0644851617,host,11791,1.153,1.0092,1.2781,2.0321,1.9351,2.1694,2.7572,2.7107,2.8041,9.7072,9.347,10.0733,-2.6687,-2.7288,-2.6073,2.853,2.7572
12247,0.046,0.037,4897,52,2.768,0.124,50.5256794182,4.4604414215,host,12247,1.1543,0.9637,1.3106,2.0439,1.9239,2.2213,2.7575,2.7003,2.8151,9.7473,9.3318,10.1696,-2.6698,-2.7433,-2.5959,2.768,2.7575
20889,0.224,0.048,4954,65,2.751,0.167,81.5017434577,3.0137109056,host,20889,0.5026,0.4229,0.5975,2.8583,2.7464,2.9542,2.693,2.6659,2.7129,12.364,12.0947,12.6447,-2.8384,-2.8729,-2.8101,2.751,2.693
27253,0.365,0.033,5632,42,3.808,0.066,5.5413601226,0.2382919176,host,27253,3.335,3.1914,3.4846,1.4491,1.4289,1.4696,3.8092,3.7925,3.8266,2.4324,2.3682,2.496,-1.0155,-1.0433,-0.9868,3.808,3.8092
31592,0.217,0.046,4801,84,3.18,0.174,11.6258311274,0.3572788855,host,31592,4.5288,2.979,7.2159,1.3435,1.1823,1.5045,3.1668,3.0881,3.2377,4.9075,4.761,5.0635,-1.9629,-2.0537,-1.8801,3.18,3.1668
36616,0.144,0.035,4648,62,2.507,0.144,76.7124091069,4.7328579462,host,36616,1.6551,1.0948,2.4949,1.8209,1.5904,2.0792,2.4404,2.3821,2.4983,13.1688,12.5423,13.757,-3.1181,-3.1881,-3.0479,2.507,2.4404
36795,0.05,0.055,6289,79,3.753,0.123,8.4459302827,0.2734820549,host,36795,1.8941,1.758,2.4784,1.5778,1.4733,1.6131,3.8527,3.8245,3.8732,2.4083,2.3503,2.4647,-0.9686,-1.0018,-0.9383,3.753,3.8527
37826,0.113,0.032,4943,45,3.014,0.105,38.6082266259,1.1538397831,host,37826,0.8883,0.8051,0.984,2.2152,2.1477,2.2808,2.8994,2.8807,2.9163,8.574,8.5032,8.6619,-2.4726,-2.4941,-2.4531,3.014,2.8994
39311,-0.366,0.025,4382,54,2.033,0.156,157.194983605,7.6659969856,host,39311,5.313,3.6219,8.2781,1.1348,0.9987,1.2699,1.8228,1.7489,1.8879,21.1672,20.5082,21.8583,-3.9426,-4.0231,-3.8663,2.033,1.8228
40526,-0.252,0.046,4153,100,1.413,0.316,610.081021259,28.0333181822,host,40526,1.7571,1.2448,2.9851,1.6177,1.3682,1.8278,1.2632,1.1627,1.3426,48.1719,46.1176,50.2884,-4.8451,-4.9355,-4.7551,1.413,1.2632
42527,-0.137,0.035,4525,65,2.309,0.173,119.986112131,6.0326280779,host,42527,1.6996,1.1797,2.6087,1.6646,1.4645,1.8756,2.1591,2.083,2.2348,17.397,16.7669,18.0583,-3.5203,-3.6095,-3.432,2.309,2.1591
46390,-0.061,0.051,4215,110,1.598,0.349,834.981482703,29.614267872,field,46390,0.3993,0.1922,0.7378,3.0981,2.4994,3.7638,1.47,1.3252,1.5973,52.508,49.7641,56.0294,-4.6769,-4.8339,-4.5366,1.598,1.47
46471,-0.291,0.024,4817,29,2.417,0.079,57.2435955615,4.1848758899,host,46471,7.1998,4.8808,10.4763,1.0171,0.9274,1.154,2.375,2.3512,2.4151,10.6437,10.3859,10.8573,-3.0852,-3.1094,-3.0565,2.417,2.375
48455,0.224,0.064,4572,137,2.625,0.316,52.6155666987,1.6722690378,host,48455,3.5918,1.9726,5.7074,1.4398,1.2393,1.736,2.4779,2.4157,2.572,11.1525,10.9343,11.3631,-3.0102,-3.072,-2.9099,2.625,2.4779
50546,0.229,0.047,4844,83,3.34,0.171,8.6845404216,0.3826754954,field,50546,4.487,3.0246,7.058,1.3465,1.1904,1.495,3.3106,3.2348,3.3777,4.162,4.0251,4.3043,-1.7476,-1.8359,-1.6679,3.34,3.3106
50583,-0.381,0.032,4495,54,2.011,0.152,340.283565515,17.293591027,host,50583,1.0417,0.8093,1.2652,1.9875,1.8091,2.2701,1.7757,1.7124,1.8543,29.6241,28.5882,30.7026,-4.1345,-4.2112,-4.0427,2.011,1.7757
50786,0.356,0.066,6408,92,4.122,0.179,6.1936126944,0.2366234687,host,50786,1.3923,1.1757,1.5961,1.6129,1.5856,1.6407,4.0322,4.0029,4.062,1.984,1.918,2.0525,-0.7041,-0.7477,-0.66,4.122,4.0322
52686,0.154,0.041,4634,74,2.71,0.197,25.7494975014,1.0350931742,field,52686,5.8438,3.5948,10.1063,1.2416,1.0681,1.4233,2.7242,2.6294,2.8079,7.8556,7.5761,8.1615,-2.6096,-2.7194,-2.5122,2.71,2.7242
56510,-0.129,0.03,4810,39,2.523,0.093,114.311259019,19.6735599149,field,56510,0.896,0.5428,1.9245,2.1742,1.6259,2.54,2.4634,2.4148,2.5126,13.7653,12.1739,15.3515,-3.1114,-3.1932,-3.0306,2.523,2.4634
56583,-0.214,0.029,4939,34,2.679,0.072,46.7432174352,1.9332854811,field,56583,1.1222,1.0597,1.1982,1.8945,1.8144,1.9389,2.7622,2.7285,2.7903,9.2708,9.0509,9.4958,-2.6442,-2.6871,-2.6065,2.679,2.7622
57757,0.268,0.026,6268,36,4.127,0.137,3.4552699579,0.1027906847,field,57757,1.8645,1.6554,2.0614,1.388,1.3745,1.4015,4.1781,4.1627,4.1943,1.5561,1.5265,1.5862,-0.4527,-0.476,-0.4288,4.127,4.1781
58110,0.053,0.028,5050,36,3.225,0.092,16.4192732768,0.7202913259,field,58110,1.2832,1.1714,1.4382,1.8727,1.7967,1.9379,3.2493,3.2187,3.2778,5.2639,5.1328,5.3994,-1.9111,-1.9509,-1.8727,3.225,3.2493
58952,-0.285,0.031,4766,43,2.549,0.102,53.0956759334,3.0121520583,host,58952,6.4172,2.4752,10.7178,1.0598,0.9241,1.4377,2.3885,2.3546,2.5328,10.5268,10.2715,10.7871,-3.077,-3.1035,-2.928,2.549,2.3885
59316,-0.009,0.051,4436,103,1.831,0.27,835.142409551,35.7713586327,field,59316,0.1578,0.1227,0.2032,4.1289,3.7237,4.6034,1.6605,1.5865,1.7481,48.6503,46.273,50.7674,-4.4657,-4.5561,-4.3575,1.831,1.6605
59501,-0.053,0.035,5004,41,2.747,0.103,99.009946601,7.552469385,field,59501,0.4677,0.3894,0.5679,2.814,2.6638,2.9313,2.6484,2.6154,2.6793,12.8733,12.3847,13.3812,-2.9004,-2.9474,-2.8547,2.747,2.6484
60202,-0.265,0.031,4830,36,2.487,0.081,114.010226028,5.5755028851,field,60202,0.6543,0.5459,0.9633,2.2543,2.0887,2.406,2.4234,2.3839,2.4597,14.9266,14.5201,15.3467,-3.1898,-3.2373,-3.1456,2.487,2.4234
61740,0.15,0.066,4487,128,2.072,0.304,151.733628016,9.0878963852,host,61740,1.362,0.9562,2.6184,1.9878,1.564,2.3175,2.0903,1.9398,2.1958,20.7119,19.5535,22.0252,-3.6641,-3.8393,-3.5376,2.072,2.0903
64078,0.097,0.035,4706,57,2.552,0.177,92.4893286515,4.4193912544,field,64078,0.8792,0.6476,1.2656,2.255,2.0202,2.5266,2.4637,2.3971,2.5365,14.2564,13.7124,14.7581,-3.13,-3.2077,-3.0423,2.552,2.4637
64408,0.218,0.02,5745,27,4.024,0.082,4.14025628,0.1312924091,host,64408,4.6724,4.5089,4.8297,1.2839,1.2702,1.2985,3.9188,3.9061,3.9317,2.0174,1.9803,2.0555,-0.8246,-0.845,-0.8045,4.024,3.9188
66903,0.068,0.034,4891,44,2.676,0.115,47.2830342243,2.6740946796,host,66903,1.1698,1.0487,1.2775,2.0251,1.9434,2.1406,2.7684,2.7253,2.8131,9.5554,9.2578,9.8646,-2.6504,-2.7064,-2.5929,2.676,2.7684
67927,0.189,0.136,6319,207,4.907,0.203,8.5648900913,0.2906142749,field,67927,-99.9,-99.9,-99.9,-99.9,-99.9,-99.9,-99.9,-99.9,-99.9,-99.9,-99.9,-99.9,-99.9,-99.9,-99.9,4.907,-99.9
68895,-0.046,0.031,4634,54,2.564,0.132,59.9027237736,1.8560446909,field,68895,3.1414,2.1465,6.3704,1.4119,1.1304,1.5818,2.4367,2.3404,2.5009,11.6003,11.0748,11.9951,-3.0683,-3.1654,-2.991,2.564,2.4367
70012,-0.058,0.032,4867,42,2.646,0.104,61.7489533001,3.5653740686,field,70012,1.6024,1.3427,2.0134,1.7472,1.6108,1.8962,2.5912,2.5386,2.6455,10.8822,10.5556,11.1125,-2.8843,-2.9454,-2.8188,2.646,2.5912
70027,0.261,0.055,4618,101,2.57,0.243,47.9674065035,1.8567767639,field,70027,6.9168,1.9233,10.11,1.1825,1.0486,1.7441,2.4042,2.3615,2.5842,11.0091,10.6575,11.2406,-3.077,-3.1186,-2.8933,2.57,2.4042
70987,-0.058,0.036,4812,47,2.497,0.112,42.2380132464,4.2651994214,field,70987,7.1707,1.8849,12.499,1.0764,0.9224,1.6294,2.3943,2.3629,2.6614,10.3704,9.7047,10.8131,-3.072,-3.0911,-2.7631,2.497,2.3943
71837,-0.133,0.029,5038,34,2.834,0.074,93.7337220552,8.1270607117,field,71837,0.4894,0.4131,0.6174,2.6954,2.5406,2.8128,2.6886,2.6563,2.7194,12.0209,11.5355,12.5201,-2.8304,-2.8775,-2.7839,2.834,2.6886
72125,0.06,0.038,5096,48,3.069,0.094,79.9456308557,3.6993249399,field,72125,0.3443,0.3328,0.3578,3.0308,2.9788,3.0779,2.812,2.7919,2.8333,11.0653,10.7754,11.3442,-2.672,-2.6995,-2.6386,3.069,2.812
72607,-0.274,0.046,4188,113,1.55,0.362,420.262755129,12.9853962974,host,72607,2.8341,1.5247,5.8021,1.3897,1.1088,1.6864,1.3834,1.2492,1.5018,38.8596,37.1726,40.6827,-4.645,-4.7977,-4.5088,1.55,1.3834
72631,-0.32,0.031,4838,38,2.549,0.106,53.1848128768,3.2512003595,field,72631,8.3122,4.1317,11.6854,0.9739,0.901,1.212,2.3701,2.3538,2.4378,10.4324,10.181,10.704,-3.0828,-3.1008,-3.0332,2.549,2.3701
73133,-0.066,0.062,4182,126,1.764,0.401,321.636803499,40.1134802496,field,73133,2.6306,1.3392,5.8706,1.4872,1.163,1.8558,1.5397,1.3999,1.6749,33.4865,30.8444,36.3409,-4.425,-4.5896,-4.2614,1.764,1.5397
73634,0.089,0.031,4883,40,2.724,0.103,49.4164783715,3.0780552757,field,73634,1.2034,1.0738,1.3172,2.0285,1.9375,2.1621,2.7525,2.7094,2.7975,9.7472,9.4284,10.0621,-2.6746,-2.7306,-2.6173,2.724,2.7525
74793,-0.015,0.043,4337,96,2.095,0.291,224.15539069,12.307448182,host,74793,1.5648,1.0313,2.8074,1.7785,1.4752,2.0918,1.8369,1.7269,1.9371,26.062,24.8267,27.3707,-4.0186,-4.1451,-3.9003,2.095,1.8369
75049,-0.263,0.024,4779,29,2.426,0.092,49.1400978997,3.8595038782,host,75049,9.6143,6.3001,12.3833,0.9505,0.8959,1.0693,2.361,2.3432,2.3912,10.4539,10.2405,10.676,-3.0946,-3.1154,-3.0741,2.426,2.361
75458,0.194,0.044,4628,86,2.807,0.21,58.1963589016,1.7462627281,host,75458,2.2423,1.6336,3.1766,1.6529,1.4817,1.8413,2.5309,2.4681,2.5903,11.268,11.031,11.7169,-2.9607,-3.0347,-2.8938,2.807,2.5309
76311,0.314,0.053,4646,100,2.593,0.235,70.6275647266,5.4157733332,host,76311,1.3775,0.6836,2.4115,2.0412,1.6549,2.6345,2.5323,2.4166,2.6807,12.4685,11.8169,13.1989,-3.0008,-3.136,-2.8371,2.593,2.5323
76534,-0.404,0.016,5029,18,3.092,0.037,21.9694184526,0.8467711874,field,76534,2.0069,1.7872,2.2585,1.4829,1.4331,1.5349,3.0335,3.0136,3.0525,6.0115,5.8969,6.1271,-2.184,-2.2101,-2.1588,3.092,3.0335
77578,-0.109,0.04,4903,49,2.661,0.102,62.0071628683,3.4330280134,host,77578,1.5006,1.2506,1.8917,1.7715,1.6236,1.9421,2.6084,2.5466,2.665,10.7716,10.4274,11.0169,-2.8617,-2.9349,-2.7948,2.661,2.6084
77655,0.137,0.026,4883,42,3.256,0.096,12.219144759,0.3913831327,host,77655,2.8342,2.3071,3.5821,1.4995,1.4068,1.588,3.2272,3.1874,3.2644,4.8339,4.7317,4.9376,-1.896,-1.9433,-1.8511,3.256,3.2272
77853,-0.209,0.029,4844,36,2.565,0.087,65.776825113,2.1835513221,field,77853,2.3457,1.8583,3.0543,1.4885,1.3689,1.6073,2.4992,2.4579,2.5379,11.1245,10.9536,11.3256,-2.9858,-3.0313,-2.9443,2.565,2.4992
78159,-0.14,0.029,4464,54,2.062,0.177,141.580995263,5.7942466678,host,78159,2.0884,1.5287,2.9745,1.5644,1.41,1.7223,2.0254,1.9635,2.0853,19.6795,19.0935,20.2886,-3.7076,-3.7798,-3.6368,2.062,2.0254
79043,0.007,0.064,5238,76,3.291,0.154,120.719147808,15.3845799932,field,79043,0.3511,0.342,0.3655,2.9901,2.9297,3.0379,2.8369,2.8255,2.8574,10.7004,10.3671,10.8899,-2.6312,-2.6499,-2.5974,3.291,2.8369
80894,0.208,0.044,5150,52,2.942,0.122,104.825340242,4.8570800621,field,80894,0.2862,0.2759,0.2969,3.3226,3.2719,3.3701,2.7426,2.7222,2.7629,12.5264,12.2193,12.956,-2.7935,-2.8288,-2.7634,2.942,2.7426
81660,-0.05,0.046,4589,74,1.966,0.176,756.74495356,62.1837751548,field,81660,0.1334,0.1168,0.158,4.4627,4.2337,4.6569,1.8161,1.7651,1.8597,42.3714,40.2592,44.5734,-4.2505,-4.3214,-4.1854,1.966,1.8161
81833,-0.077,0.026,5105,30,2.978,0.075,44.6748200833,1.3517973844,field,81833,0.7289,0.6697,0.8086,2.2752,2.213,2.3314,2.9025,2.8869,2.9152,8.6562,8.5264,8.7898,-2.4741,-2.4939,-2.4561,2.978,2.9025
85670,0.04,0.086,5428,100,2.675,0.308,937.230109421,35.1334272595,field,85670,0.1322,0.1275,0.1376,4.4556,4.3785,4.5316,1.9516,1.931,1.9697,36.1963,35.3588,37.145,-4.0461,-4.0771,-4.0178,2.675,1.9516
85715,0.101,0.041,5093,50,2.894,0.091,81.6138677517,5.8429356755,field,85715,0.4645,0.4074,0.5272,2.808,2.7278,2.9041,2.7336,2.7064,2.7651,11.6656,11.2384,12.0975,-2.7718,-2.8141,-2.7247,2.894,2.7336
87847,-0.005,0.042,4755,58,2.357,0.135,116.709188931,9.7844223605,field,87847,0.6581,0.5082,0.9274,2.4928,2.1961,2.7121,2.4203,2.3569,2.4801,15.6804,14.9542,16.4488,-3.2148,-3.2921,-3.1392,2.357,2.4203
88048,0.181,0.043,4959,55,2.558,0.129,104.162618197,3.9517285214,field,88048,0.4227,0.3599,0.4931,3.0283,2.9237,3.1221,2.614,2.5926,2.6328,13.9225,13.6226,14.2346,-2.9687,-2.9979,-2.9419,2.558,2.614
89047,0.073,0.026,4993,39,3.386,0.079,10.5152052264,0.4131822578,host,89047,2.1974,1.9362,2.5973,1.5802,1.5074,1.6387,3.351,3.3195,3.38,4.3009,4.2025,4.4011,-1.7217,-1.7612,-1.6838,3.386,3.351
89962,-0.135,0.019,4984,24,3.092,0.064,17.9677855514,0.5409576125,field,89962,1.9795,1.7529,2.2838,1.5663,1.5031,1.6219,3.1124,3.088,3.1356,5.6365,5.5393,5.7323,-2.0775,-2.1075,-2.0485,3.092,3.1124
90067,-0.136,0.034,4464,67,2.119,0.181,136.73858177,10.2491191729,field,90067,2.1966,1.4791,3.4348,1.5411,1.3518,1.7436,2.0397,1.964,2.1137,19.214,18.3453,20.1276,-3.6829,-3.773,-3.5939,2.119,2.0397
90344,-0.401,0.026,4464,48,2.046,0.12,152.999828427,7.4210620754,host,90344,3.5695,2.5998,5.1286,1.2646,1.1374,1.3942,1.9128,1.8506,1.9681,20.1896,19.5759,20.8135,-3.8312,-3.9035,-3.7658,2.046,1.9128
90496,-0.077,0.027,4760,39,2.673,0.108,49.6031536742,1.505117158,field,90496,1.9402,1.441,11.0952,1.6077,0.9488,1.7627,2.5958,2.3668,2.652,10.3173,10.0994,10.5307,-2.8597,-3.086,-2.7927,2.673,2.5958
91105,0.102,0.035,5183,39,2.938,0.106,88.1206714657,5.2984004509,field,91105,0.3236,0.3116,0.3364,3.1224,3.0725,3.1722,2.8043,2.7808,2.8267,11.3694,10.9851,11.7713,-2.6888,-2.729,-2.6512,2.938,2.8043
92782,-0.029,0.037,4636,57,2.321,0.148,163.574187348,16.2547442371,field,92782,0.8415,0.579,1.1423,2.3547,2.0972,2.5581,2.2127,2.1599,2.2556,19.4159,18.5177,20.3936,-3.5151,-3.5821,-3.4561,2.321,2.2127
92997,0.073,0.043,4572,84,2.515,0.201,50.1031670685,2.7224778068,field,92997,7.5913,4.3015,11.0925,1.0978,0.9862,1.3213,2.3871,2.3536,2.4523,10.8844,10.6401,11.1043,-3.0847,-3.12,-3.0312,2.515,2.3871
93864,-0.155,0.037,4506,67,2.152,0.174,88.3118018603,6.228764287,field,93864,4.4365,2.73,7.2685,1.2521,1.0821,1.4435,2.152,2.0736,2.2333,15.2025,14.5313,15.8957,-3.4691,-3.5595,-3.3735,2.152,2.152
94302,0.175,0.053,4969,71,2.854,0.142,101.902695931,6.1511257056,field,94302,0.4238,0.3637,0.5043,3.0032,2.8867,3.101,2.6305,2.6037,2.6555,13.5897,13.1528,14.0479,-2.9419,-2.9813,-2.9038,2.854,2.6305
96327,-0.003,0.066,5004,82,2.726,0.215,178.275020261,17.3123822932,field,96327,0.3125,0.2715,0.3617,3.2742,3.1451,3.3945,2.451,2.4138,2.4875,17.4464,16.5632,18.3857,-3.2295,-3.2885,-3.1713,2.726,2.451
96459,0.063,0.025,5034,34,3.324,0.099,14.5376561394,0.5003725849,field,96459,1.4328,1.3071,1.6192,1.8074,1.7315,1.8694,3.284,3.253,3.3112,4.9698,4.8635,5.0775,-1.8514,-1.8901,-1.8159,3.324,3.284
96481,-0.068,0.068,5489,77,2.29,0.208,497.737294859,156.112639885,field,96481,0.1448,0.1239,0.1728,4.1717,3.8772,4.4917,2.3241,2.2043,2.4227,22.8078,19.6504,27.3705,-3.4728,-3.6716,-3.3095,2.29,2.3241
96837,-0.006,0.073,4928,95,2.492,0.288,336.4364922,25.5629836659,field,96837,0.2141,0.1902,0.2392,3.776,3.6467,3.9012,2.2055,2.1727,2.2367,24.8811,23.7902,26.0394,-3.6293,-3.6809,-3.5794,2.492,2.2055
97938,-0.172,0.034,4765,49,2.556,0.114,47.819233075,2.0992584146,field,97938,6.6643,2.0846,12.5627,1.0797,0.9065,1.545,2.4005,2.3573,2.6076,10.233,9.9642,10.454,-3.0641,-3.0943,-2.831,2.556,2.4005
98571,0.107,0.053,4801,70,2.367,0.152,190.090315293,12.0066234482,field,98571,0.2919,0.246,0.3423,3.4515,3.3059,3.5724,2.3881,2.3499,2.4181,19.2996,18.5803,20.0825,-3.3367,-3.3904,-3.2908,2.367,2.3881
99031,0.032,0.027,5183,36,3.74,0.063,3.9057471697,0.1276594341,field,99031,4.4738,4.2112,4.7619,1.2689,1.2446,1.2933,3.7527,3.7357,3.7681,2.4312,2.379,2.4823,-1.0722,-1.0968,-1.0479,3.74,3.7527
99951,0.125,0.054,5206,64,3.021,0.117,131.121501526,10.2540819937,field,99951,0.2703,0.2593,0.2842,3.3545,3.288,3.4136,2.7005,2.6774,2.7275,13.2807,12.741,13.7567,-2.8614,-2.8997,-2.8168,3.021,2.7005
103294,-0.119,0.046,4677,62,2.1,0.153,220.696794668,18.077785463,field,103294,0.5889,0.418,0.8184,2.6053,2.3514,2.829,2.1357,2.0789,2.1859,22.3789,21.3801,23.4296,-3.6538,-3.7245,-3.5866,2.1,2.1357
105515,0.079,0.047,5274,56,3.21,0.112,66.334179779,2.9086155989,field,105515,0.4029,0.3877,0.4201,2.8663,2.8193,2.9121,2.9225,2.9041,2.9436,9.5063,9.2015,9.7524,-2.4949,-2.5224,-2.4591,3.21,2.9225
105854,0.088,0.051,4612,88,2.266,0.258,45.801808315,2.6604572333,host,105854,10.1959,5.9788,12.6093,1.014,0.9593,1.1997,2.3707,2.3502,2.4207,10.6836,10.4656,10.9275,-3.0918,-3.12,-3.0566,2.266,2.3707
108868,0.043,0.04,4995,50,2.755,0.108,53.1450897175,3.7089901502,field,108868,0.9015,0.6776,1.0986,2.2845,2.1009,2.4579,2.8033,2.7555,2.8448,9.7371,9.3997,10.0762,-2.6243,-2.6825,-2.5712,2.755,2.8033
109352,-0.126,0.03,4931,36,2.644,0.106,48.3984428433,2.9364754074,field,109352,1.1638,1.0891,1.2655,1.9238,1.8593,1.9878,2.74,2.6976,2.7805,9.6091,9.2838,9.9355,-2.6832,-2.7376,-2.6264,2.644,2.74
109572,0.082,0.12,6293,187,4.112,0.217,8.8115055292,0.2845341814,field,109572,1.7064,1.4991,2.071,1.6208,1.5429,1.683,3.8643,3.8297,3.9157,2.4023,2.2802,2.5074,-0.9554,-1.0078,-0.8824,4.112,3.8643
109577,0.087,0.03,5001,41,3.26,0.092,12.9975500354,0.6751987993,field,109577,1.9314,1.6248,2.2511,1.6453,1.5749,1.7418,3.2751,3.2406,3.3114,4.7993,4.6628,4.9379,-1.8448,-1.8898,-1.7982,3.26,3.2751
109754,0.001,0.058,4324,124,1.881,0.352,536.900048334,76.3034599012,field,109754,0.4209,0.24,1.0373,3.0091,2.1223,3.5212,1.6969,1.5255,1.8043,39.7228,36.4524,43.3346,-4.3462,-4.5367,-4.2032,1.881,1.6969
110003,0.178,0.036,5022,43,2.777,0.116,72.6825377021,2.8714477953,field,110003,0.5064,0.4487,0.5701,2.7818,2.7075,2.8505,2.7452,2.7259,2.7629,11.466,11.2252,11.7144,-2.7534,-2.7801,-2.7273,2.777,2.7452
112731,-0.485,0.021,4476,37,2.133,0.113,137.753371396,9.3132381709,field,112731,5.2357,3.9129,7.1301,1.112,1.0175,1.212,1.916,1.8687,1.9599,18.8548,18.1829,19.5515,-3.7984,-3.8559,-3.7442,2.133,1.916
113148,0.217,0.043,4714,71,3.097,0.174,12.3888799286,0.6774027409,field,113148,6.5748,4.2916,9.7909,1.2163,1.0895,1.3675,3.073,3.0059,3.1452,5.1977,5.0119,5.3882,-2.0816,-2.1609,-1.9967,3.097,3.073
114341,-0.088,0.039,4526,68,1.967,0.173,309.892364343,14.5193318002,field,114341,0.5123,0.3699,0.7628,2.689,2.4076,2.9618,1.946,1.8771,2.0097,28.2907,27.2967,29.3037,-3.9447,-4.026,-3.8677,1.967,1.946
114855,0.05,0.037,4742,62,2.701,0.146,49.7612639747,1.9727574792,host,114855,2.0032,1.3107,8.8134,1.6399,1.0353,1.92,2.577,2.3781,2.7074,10.519,9.9569,10.8877,-2.8934,-3.0867,-2.7295,2.701,2.577
115126,0.203,0.028,5527,38,4.005,0.064,3.2670042308,0.3540822696,field,115126,6.7142,5.9748,7.499,1.1725,1.136,1.2116,3.9471,3.9176,3.9779,1.8661,1.7756,1.96,-0.7626,-0.8132,-0.7105,4.005,3.9471
116727,0.131,0.035,4801,60,3.219,0.135,11.7172283656,0.3685171659,host,116727,4.7843,3.3709,6.9301,1.3004,1.1746,1.4317,3.1584,3.0963,3.2179,4.8736,4.7471,5.0038,-1.9683,-2.0402,-1.8989,3.219,3.1584
118209,0.102,0.043,5202,53,3.227,0.078,55.4484206698,2.7627829075,field,118209,0.4593,0.4508,0.4716,2.7448,2.71,2.7834,2.9966,2.9886,3.01,8.5367,8.3704,8.6777,-2.3741,-2.3888,-2.3534,3.227,2.9966
